"ID_Temps","date_transaction","jour","mois","trimestre","annee","date_transaction_reelle"
"1","2007-01-01","1","1","1","2007","Mon Jan 01 16:40:25 GMT+01:00 2007"
"2","2007-01-02","2","1","1","2007","Tue Jan 02 21:28:16 GMT+01:00 2007"
"3","2007-01-03","3","1","1","2007","Wed Jan 03 04:04:04 GMT+01:00 2007"
"4","2007-01-04","4","1","1","2007","Thu Jan 04 20:42:43 GMT+01:00 2007"
"5","2007-01-05","5","1","1","2007","Fri Jan 05 16:59:07 GMT+01:00 2007"
"6","2007-01-06","6","1","1","2007","Sat Jan 06 03:48:40 GMT+01:00 2007"
"7","2007-01-07","7","1","1","2007","Sun Jan 07 07:30:58 GMT+01:00 2007"
"8","2007-01-08","8","1","1","2007","Mon Jan 08 16:38:23 GMT+01:00 2007"
"9","2007-01-09","9","1","1","2007","Tue Jan 09 19:43:22 GMT+01:00 2007"
"10","2007-01-10","10","1","1","2007","Wed Jan 10 02:22:40 GMT+01:00 2007"
"11","2007-01-11","11","1","1","2007","Thu Jan 11 04:38:25 GMT+01:00 2007"
"12","2007-01-12","12","1","1","2007","Fri Jan 12 04:38:26 GMT+01:00 2007"
"13","2007-01-13","13","1","1","2007","Sat Jan 13 05:19:51 GMT+01:00 2007"
"14","2007-01-14","14","1","1","2007","Sun Jan 14 18:21:53 GMT+01:00 2007"
"15","2007-01-15","15","1","1","2007","Mon Jan 15 01:20:58 GMT+01:00 2007"
"16","2007-01-16","16","1","1","2007","Tue Jan 16 06:35:18 GMT+01:00 2007"
"17","2007-01-17","17","1","1","2007","Wed Jan 17 22:30:13 GMT+01:00 2007"
"18","2007-01-18","18","1","1","2007","Thu Jan 18 18:56:08 GMT+01:00 2007"
"19","2007-01-19","19","1","1","2007","Fri Jan 19 10:14:12 GMT+01:00 2007"
"20","2007-01-20","20","1","1","2007","Sat Jan 20 08:41:56 GMT+01:00 2007"
"21","2007-01-21","21","1","1","2007","Sun Jan 21 07:05:05 GMT+01:00 2007"
"22","2007-01-22","22","1","1","2007","Mon Jan 22 00:16:37 GMT+01:00 2007"
"23","2007-01-23","23","1","1","2007","Tue Jan 23 08:19:16 GMT+01:00 2007"
"24","2007-01-24","24","1","1","2007","Wed Jan 24 00:53:35 GMT+01:00 2007"
"25","2007-01-25","25","1","1","2007","Thu Jan 25 16:07:25 GMT+01:00 2007"
"26","2007-01-26","26","1","1","2007","Fri Jan 26 04:29:32 GMT+01:00 2007"
"27","2007-01-27","27","1","1","2007","Sat Jan 27 06:15:14 GMT+01:00 2007"
"28","2007-01-28","28","1","1","2007","Sun Jan 28 13:37:47 GMT+01:00 2007"
"29","2007-01-29","29","1","1","2007","Mon Jan 29 10:33:44 GMT+01:00 2007"
"30","2007-01-30","30","1","1","2007","Tue Jan 30 08:20:42 GMT+01:00 2007"
"31","2007-01-31","31","1","1","2007","Wed Jan 31 00:31:07 GMT+01:00 2007"
"32","2007-02-01","1","2","1","2007","Thu Feb 01 09:10:53 GMT+01:00 2007"
"33","2007-02-02","2","2","1","2007","Fri Feb 02 13:05:22 GMT+01:00 2007"
"34","2007-02-03","3","2","1","2007","Sat Feb 03 14:07:04 GMT+01:00 2007"
"35","2007-02-04","4","2","1","2007","Sun Feb 04 20:02:27 GMT+01:00 2007"
"36","2007-02-05","5","2","1","2007","Mon Feb 05 15:13:34 GMT+01:00 2007"
"37","2007-02-06","6","2","1","2007","Tue Feb 06 03:49:45 GMT+01:00 2007"
"38","2007-02-07","7","2","1","2007","Wed Feb 07 03:35:48 GMT+01:00 2007"
"39","2007-02-08","8","2","1","2007","Thu Feb 08 19:25:40 GMT+01:00 2007"
"40","2007-02-09","9","2","1","2007","Fri Feb 09 11:57:51 GMT+01:00 2007"
"41","2007-02-10","10","2","1","2007","Sat Feb 10 09:42:56 GMT+01:00 2007"
"42","2007-02-11","11","2","1","2007","Sun Feb 11 10:36:11 GMT+01:00 2007"
"43","2007-02-12","12","2","1","2007","Mon Feb 12 06:53:35 GMT+01:00 2007"
"44","2007-02-13","13","2","1","2007","Tue Feb 13 18:38:57 GMT+01:00 2007"
"45","2007-02-14","14","2","1","2007","Wed Feb 14 15:00:55 GMT+01:00 2007"
"46","2007-02-15","15","2","1","2007","Thu Feb 15 15:04:23 GMT+01:00 2007"
"47","2007-02-16","16","2","1","2007","Fri Feb 16 21:30:02 GMT+01:00 2007"
"48","2007-02-17","17","2","1","2007","Sat Feb 17 22:05:51 GMT+01:00 2007"
"49","2007-02-18","18","2","1","2007","Sun Feb 18 14:09:55 GMT+01:00 2007"
"50","2007-02-19","19","2","1","2007","Mon Feb 19 08:39:26 GMT+01:00 2007"
"51","2007-02-20","20","2","1","2007","Tue Feb 20 13:45:53 GMT+01:00 2007"
"52","2007-02-21","21","2","1","2007","Wed Feb 21 20:36:05 GMT+01:00 2007"
"53","2007-02-22","22","2","1","2007","Thu Feb 22 00:53:19 GMT+01:00 2007"
"54","2007-02-23","23","2","1","2007","Fri Feb 23 05:54:06 GMT+01:00 2007"
"55","2007-02-24","24","2","1","2007","Sat Feb 24 09:01:51 GMT+01:00 2007"
"56","2007-02-25","25","2","1","2007","Sun Feb 25 14:28:57 GMT+01:00 2007"
"57","2007-02-26","26","2","1","2007","Mon Feb 26 00:07:38 GMT+01:00 2007"
"58","2007-02-27","27","2","1","2007","Tue Feb 27 11:28:10 GMT+01:00 2007"
"59","2007-02-28","28","2","1","2007","Wed Feb 28 07:25:37 GMT+01:00 2007"
"60","2007-03-01","1","3","1","2007","Thu Mar 01 21:58:13 GMT+01:00 2007"
"61","2007-03-02","2","3","1","2007","Fri Mar 02 17:47:58 GMT+01:00 2007"
"62","2007-03-03","3","3","1","2007","Sat Mar 03 18:58:58 GMT+01:00 2007"
"63","2007-03-04","4","3","1","2007","Sun Mar 04 22:12:27 GMT+01:00 2007"
"64","2007-03-05","5","3","1","2007","Mon Mar 05 05:17:25 GMT+01:00 2007"
"65","2007-03-06","6","3","1","2007","Tue Mar 06 08:46:39 GMT+01:00 2007"
"66","2007-03-07","7","3","1","2007","Wed Mar 07 05:14:31 GMT+01:00 2007"
"67","2007-03-08","8","3","1","2007","Thu Mar 08 22:18:15 GMT+01:00 2007"
"68","2007-03-09","9","3","1","2007","Fri Mar 09 15:08:27 GMT+01:00 2007"
"69","2007-03-10","10","3","1","2007","Sat Mar 10 20:12:50 GMT+01:00 2007"
"70","2007-03-11","11","3","1","2007","Sun Mar 11 21:54:57 GMT+01:00 2007"
"71","2007-03-12","12","3","1","2007","Mon Mar 12 06:52:02 GMT+01:00 2007"
"72","2007-03-13","13","3","1","2007","Tue Mar 13 12:34:19 GMT+01:00 2007"
"73","2007-03-14","14","3","1","2007","Wed Mar 14 23:35:06 GMT+01:00 2007"
"74","2007-03-15","15","3","1","2007","Thu Mar 15 13:39:54 GMT+01:00 2007"
"75","2007-03-16","16","3","1","2007","Fri Mar 16 11:02:50 GMT+01:00 2007"
"76","2007-03-17","17","3","1","2007","Sat Mar 17 10:11:22 GMT+01:00 2007"
"77","2007-03-18","18","3","1","2007","Sun Mar 18 10:35:46 GMT+01:00 2007"
"78","2007-03-19","19","3","1","2007","Mon Mar 19 09:01:53 GMT+01:00 2007"
"79","2007-03-20","20","3","1","2007","Tue Mar 20 17:53:00 GMT+01:00 2007"
"80","2007-03-21","21","3","1","2007","Wed Mar 21 22:17:20 GMT+01:00 2007"
"81","2007-03-22","22","3","1","2007","Thu Mar 22 19:17:06 GMT+01:00 2007"
"82","2007-03-23","23","3","1","2007","Fri Mar 23 15:49:05 GMT+01:00 2007"
"83","2007-03-24","24","3","1","2007","Sat Mar 24 21:02:10 GMT+01:00 2007"
"84","2007-03-25","25","3","1","2007","Sun Mar 25 09:28:23 GMT+01:00 2007"
"85","2007-03-26","26","3","1","2007","Mon Mar 26 09:28:40 GMT+01:00 2007"
"86","2007-03-27","27","3","1","2007","Tue Mar 27 06:17:54 GMT+01:00 2007"
"87","2007-03-28","28","3","1","2007","Wed Mar 28 03:50:34 GMT+01:00 2007"
"88","2007-03-29","29","3","1","2007","Thu Mar 29 10:52:00 GMT+01:00 2007"
"89","2007-03-30","30","3","1","2007","Fri Mar 30 19:35:14 GMT+01:00 2007"
"90","2007-03-31","31","3","1","2007","Sat Mar 31 00:09:15 GMT+01:00 2007"
"91","2007-04-01","1","4","2","2007","Sun Apr 01 02:55:05 GMT+01:00 2007"
"92","2007-04-02","2","4","2","2007","Mon Apr 02 09:00:00 GMT+01:00 2007"
"93","2007-04-03","3","4","2","2007","Tue Apr 03 13:10:18 GMT+01:00 2007"
"94","2007-04-04","4","4","2","2007","Wed Apr 04 04:13:50 GMT+01:00 2007"
"95","2007-04-05","5","4","2","2007","Thu Apr 05 11:28:00 GMT+01:00 2007"
"96","2007-04-06","6","4","2","2007","Fri Apr 06 08:39:29 GMT+01:00 2007"
"97","2007-04-07","7","4","2","2007","Sat Apr 07 12:13:19 GMT+01:00 2007"
"98","2007-04-08","8","4","2","2007","Sun Apr 08 01:45:00 GMT+01:00 2007"
"99","2007-04-09","9","4","2","2007","Mon Apr 09 17:40:45 GMT+01:00 2007"
"100","2007-04-10","10","4","2","2007","Tue Apr 10 19:02:49 GMT+01:00 2007"
"101","2007-04-11","11","4","2","2007","Wed Apr 11 16:47:36 GMT+01:00 2007"
"102","2007-04-12","12","4","2","2007","Thu Apr 12 17:04:06 GMT+01:00 2007"
"103","2007-04-13","13","4","2","2007","Fri Apr 13 05:54:01 GMT+01:00 2007"
"104","2007-04-14","14","4","2","2007","Sat Apr 14 23:10:45 GMT+01:00 2007"
"105","2007-04-15","15","4","2","2007","Sun Apr 15 18:26:31 GMT+01:00 2007"
"106","2007-04-16","16","4","2","2007","Mon Apr 16 18:15:25 GMT+01:00 2007"
"107","2007-04-17","17","4","2","2007","Tue Apr 17 15:25:42 GMT+01:00 2007"
"108","2007-04-18","18","4","2","2007","Wed Apr 18 07:37:49 GMT+01:00 2007"
"109","2007-04-19","19","4","2","2007","Thu Apr 19 09:34:48 GMT+01:00 2007"
"110","2007-04-20","20","4","2","2007","Fri Apr 20 06:20:06 GMT+01:00 2007"
"111","2007-04-21","21","4","2","2007","Sat Apr 21 06:23:34 GMT+01:00 2007"
"112","2007-04-22","22","4","2","2007","Sun Apr 22 18:44:34 GMT+01:00 2007"
"113","2007-04-23","23","4","2","2007","Mon Apr 23 11:45:36 GMT+01:00 2007"
"114","2007-04-24","24","4","2","2007","Tue Apr 24 17:45:41 GMT+01:00 2007"
"115","2007-04-25","25","4","2","2007","Wed Apr 25 02:03:06 GMT+01:00 2007"
"116","2007-04-26","26","4","2","2007","Thu Apr 26 09:01:43 GMT+01:00 2007"
"117","2007-04-27","27","4","2","2007","Fri Apr 27 18:16:29 GMT+01:00 2007"
"118","2007-04-28","28","4","2","2007","Sat Apr 28 02:55:45 GMT+01:00 2007"
"119","2007-04-29","29","4","2","2007","Sun Apr 29 22:59:50 GMT+01:00 2007"
"120","2007-04-30","30","4","2","2007","Mon Apr 30 09:43:53 GMT+01:00 2007"
"121","2007-05-01","1","5","2","2007","Tue May 01 08:18:19 GMT+01:00 2007"
"122","2007-05-02","2","5","2","2007","Wed May 02 22:22:28 GMT+01:00 2007"
"123","2007-05-03","3","5","2","2007","Thu May 03 14:32:47 GMT+01:00 2007"
"124","2007-05-04","4","5","2","2007","Fri May 04 12:39:06 GMT+01:00 2007"
"125","2007-05-05","5","5","2","2007","Sat May 05 02:30:10 GMT+01:00 2007"
"126","2007-05-06","6","5","2","2007","Sun May 06 22:31:31 GMT+01:00 2007"
"127","2007-05-07","7","5","2","2007","Mon May 07 20:58:07 GMT+01:00 2007"
"128","2007-05-08","8","5","2","2007","Tue May 08 20:50:58 GMT+01:00 2007"
"129","2007-05-09","9","5","2","2007","Wed May 09 20:50:04 GMT+01:00 2007"
"130","2007-05-10","10","5","2","2007","Thu May 10 13:34:20 GMT+01:00 2007"
"131","2007-05-11","11","5","2","2007","Fri May 11 11:03:38 GMT+01:00 2007"
"132","2007-05-12","12","5","2","2007","Sat May 12 22:06:08 GMT+01:00 2007"
"133","2007-05-13","13","5","2","2007","Sun May 13 09:20:31 GMT+01:00 2007"
"134","2007-05-14","14","5","2","2007","Mon May 14 02:30:24 GMT+01:00 2007"
"135","2007-05-15","15","5","2","2007","Tue May 15 10:18:05 GMT+01:00 2007"
"136","2007-05-16","16","5","2","2007","Wed May 16 13:52:44 GMT+01:00 2007"
"137","2007-05-17","17","5","2","2007","Thu May 17 00:39:46 GMT+01:00 2007"
"138","2007-05-18","18","5","2","2007","Fri May 18 13:39:14 GMT+01:00 2007"
"139","2007-05-19","19","5","2","2007","Sat May 19 03:35:25 GMT+01:00 2007"
"140","2007-05-20","20","5","2","2007","Sun May 20 17:47:58 GMT+01:00 2007"
"141","2007-05-21","21","5","2","2007","Mon May 21 03:40:07 GMT+01:00 2007"
"142","2007-05-22","22","5","2","2007","Tue May 22 00:00:16 GMT+01:00 2007"
"143","2007-05-23","23","5","2","2007","Wed May 23 10:32:24 GMT+01:00 2007"
"144","2007-05-24","24","5","2","2007","Thu May 24 12:45:19 GMT+01:00 2007"
"145","2007-05-25","25","5","2","2007","Fri May 25 04:32:51 GMT+01:00 2007"
"146","2007-05-26","26","5","2","2007","Sat May 26 20:51:20 GMT+01:00 2007"
"147","2007-05-27","27","5","2","2007","Sun May 27 16:25:01 GMT+01:00 2007"
"148","2007-05-28","28","5","2","2007","Mon May 28 23:31:13 GMT+01:00 2007"
"149","2007-05-29","29","5","2","2007","Tue May 29 08:44:53 GMT+01:00 2007"
"150","2007-05-30","30","5","2","2007","Wed May 30 06:35:21 GMT+01:00 2007"
"151","2007-05-31","31","5","2","2007","Thu May 31 11:13:04 GMT+01:00 2007"
"152","2007-06-01","1","6","2","2007","Fri Jun 01 09:58:20 GMT+01:00 2007"
"153","2007-06-02","2","6","2","2007","Sat Jun 02 19:56:51 GMT+01:00 2007"
"154","2007-06-03","3","6","2","2007","Sun Jun 03 03:00:34 GMT+01:00 2007"
"155","2007-06-04","4","6","2","2007","Mon Jun 04 18:40:19 GMT+01:00 2007"
"156","2007-06-05","5","6","2","2007","Tue Jun 05 05:26:37 GMT+01:00 2007"
"157","2007-06-06","6","6","2","2007","Wed Jun 06 15:59:28 GMT+01:00 2007"
"158","2007-06-07","7","6","2","2007","Thu Jun 07 15:32:11 GMT+01:00 2007"
"159","2007-06-08","8","6","2","2007","Fri Jun 08 09:59:32 GMT+01:00 2007"
"160","2007-06-09","9","6","2","2007","Sat Jun 09 04:53:12 GMT+01:00 2007"
"161","2007-06-10","10","6","2","2007","Sun Jun 10 02:36:42 GMT+01:00 2007"
"162","2007-06-11","11","6","2","2007","Mon Jun 11 09:07:05 GMT+01:00 2007"
"163","2007-06-12","12","6","2","2007","Tue Jun 12 16:58:41 GMT+01:00 2007"
"164","2007-06-13","13","6","2","2007","Wed Jun 13 14:06:41 GMT+01:00 2007"
"165","2007-06-14","14","6","2","2007","Thu Jun 14 05:43:34 GMT+01:00 2007"
"166","2007-06-15","15","6","2","2007","Fri Jun 15 19:12:19 GMT+01:00 2007"
"167","2007-06-16","16","6","2","2007","Sat Jun 16 18:25:29 GMT+01:00 2007"
"168","2007-06-17","17","6","2","2007","Sun Jun 17 07:17:33 GMT+01:00 2007"
"169","2007-06-18","18","6","2","2007","Mon Jun 18 23:18:26 GMT+01:00 2007"
"170","2007-06-19","19","6","2","2007","Tue Jun 19 07:45:18 GMT+01:00 2007"
"171","2007-06-20","20","6","2","2007","Wed Jun 20 15:20:53 GMT+01:00 2007"
"172","2007-06-21","21","6","2","2007","Thu Jun 21 17:29:30 GMT+01:00 2007"
"173","2007-06-22","22","6","2","2007","Fri Jun 22 18:18:41 GMT+01:00 2007"
"174","2007-06-23","23","6","2","2007","Sat Jun 23 10:58:18 GMT+01:00 2007"
"175","2007-06-24","24","6","2","2007","Sun Jun 24 16:17:36 GMT+01:00 2007"
"176","2007-06-25","25","6","2","2007","Mon Jun 25 10:00:03 GMT+01:00 2007"
"177","2007-06-26","26","6","2","2007","Tue Jun 26 22:31:28 GMT+01:00 2007"
"178","2007-06-27","27","6","2","2007","Wed Jun 27 02:28:20 GMT+01:00 2007"
"179","2007-06-28","28","6","2","2007","Thu Jun 28 12:49:57 GMT+01:00 2007"
"180","2007-06-29","29","6","2","2007","Fri Jun 29 00:51:51 GMT+01:00 2007"
"181","2007-06-30","30","6","2","2007","Sat Jun 30 05:19:57 GMT+01:00 2007"
"182","2007-07-01","1","7","3","2007","Sun Jul 01 09:52:47 GMT+01:00 2007"
"183","2007-07-02","2","7","3","2007","Mon Jul 02 05:44:52 GMT+01:00 2007"
"184","2007-07-03","3","7","3","2007","Tue Jul 03 11:25:04 GMT+01:00 2007"
"185","2007-07-04","4","7","3","2007","Wed Jul 04 14:47:31 GMT+01:00 2007"
"186","2007-07-05","5","7","3","2007","Thu Jul 05 12:57:03 GMT+01:00 2007"
"187","2007-07-06","6","7","3","2007","Fri Jul 06 09:28:45 GMT+01:00 2007"
"188","2007-07-07","7","7","3","2007","Sat Jul 07 06:30:39 GMT+01:00 2007"
"189","2007-07-08","8","7","3","2007","Sun Jul 08 19:48:57 GMT+01:00 2007"
"190","2007-07-09","9","7","3","2007","Mon Jul 09 15:13:30 GMT+01:00 2007"
"191","2007-07-10","10","7","3","2007","Tue Jul 10 18:28:06 GMT+01:00 2007"
"192","2007-07-11","11","7","3","2007","Wed Jul 11 14:02:04 GMT+01:00 2007"
"193","2007-07-12","12","7","3","2007","Thu Jul 12 04:42:03 GMT+01:00 2007"
"194","2007-07-13","13","7","3","2007","Fri Jul 13 02:42:38 GMT+01:00 2007"
"195","2007-07-14","14","7","3","2007","Sat Jul 14 06:33:22 GMT+01:00 2007"
"196","2007-07-15","15","7","3","2007","Sun Jul 15 23:31:38 GMT+01:00 2007"
"197","2007-07-16","16","7","3","2007","Mon Jul 16 02:43:55 GMT+01:00 2007"
"198","2007-07-17","17","7","3","2007","Tue Jul 17 02:51:03 GMT+01:00 2007"
"199","2007-07-18","18","7","3","2007","Wed Jul 18 08:02:33 GMT+01:00 2007"
"200","2007-07-19","19","7","3","2007","Thu Jul 19 02:34:35 GMT+01:00 2007"
"201","2007-07-20","20","7","3","2007","Fri Jul 20 20:51:41 GMT+01:00 2007"
"202","2007-07-21","21","7","3","2007","Sat Jul 21 16:09:07 GMT+01:00 2007"
"203","2007-07-22","22","7","3","2007","Sun Jul 22 08:50:58 GMT+01:00 2007"
"204","2007-07-23","23","7","3","2007","Mon Jul 23 13:48:54 GMT+01:00 2007"
"205","2007-07-24","24","7","3","2007","Tue Jul 24 11:23:05 GMT+01:00 2007"
"206","2007-07-25","25","7","3","2007","Wed Jul 25 10:53:41 GMT+01:00 2007"
"207","2007-07-26","26","7","3","2007","Thu Jul 26 07:35:20 GMT+01:00 2007"
"208","2007-07-27","27","7","3","2007","Fri Jul 27 06:35:44 GMT+01:00 2007"
"209","2007-07-28","28","7","3","2007","Sat Jul 28 19:18:49 GMT+01:00 2007"
"210","2007-07-29","29","7","3","2007","Sun Jul 29 03:52:29 GMT+01:00 2007"
"211","2007-07-30","30","7","3","2007","Mon Jul 30 17:02:57 GMT+01:00 2007"
"212","2007-07-31","31","7","3","2007","Tue Jul 31 08:58:59 GMT+01:00 2007"
"213","2007-08-01","1","8","3","2007","Wed Aug 01 02:33:51 GMT+01:00 2007"
"214","2007-08-02","2","8","3","2007","Thu Aug 02 23:23:36 GMT+01:00 2007"
"215","2007-08-03","3","8","3","2007","Fri Aug 03 01:56:38 GMT+01:00 2007"
"216","2007-08-04","4","8","3","2007","Sat Aug 04 21:44:57 GMT+01:00 2007"
"217","2007-08-05","5","8","3","2007","Sun Aug 05 01:59:16 GMT+01:00 2007"
"218","2007-08-06","6","8","3","2007","Mon Aug 06 23:51:52 GMT+01:00 2007"
"219","2007-08-07","7","8","3","2007","Tue Aug 07 08:28:15 GMT+01:00 2007"
"220","2007-08-08","8","8","3","2007","Wed Aug 08 20:39:47 GMT+01:00 2007"
"221","2007-08-09","9","8","3","2007","Thu Aug 09 21:08:23 GMT+01:00 2007"
"222","2007-08-10","10","8","3","2007","Fri Aug 10 02:05:45 GMT+01:00 2007"
"223","2007-08-11","11","8","3","2007","Sat Aug 11 17:44:49 GMT+01:00 2007"
"224","2007-08-12","12","8","3","2007","Sun Aug 12 04:09:10 GMT+01:00 2007"
"225","2007-08-13","13","8","3","2007","Mon Aug 13 07:54:03 GMT+01:00 2007"
"226","2007-08-14","14","8","3","2007","Tue Aug 14 00:41:56 GMT+01:00 2007"
"227","2007-08-15","15","8","3","2007","Wed Aug 15 12:50:43 GMT+01:00 2007"
"228","2007-08-16","16","8","3","2007","Thu Aug 16 17:46:16 GMT+01:00 2007"
"229","2007-08-17","17","8","3","2007","Fri Aug 17 08:46:34 GMT+01:00 2007"
"230","2007-08-18","18","8","3","2007","Sat Aug 18 21:29:11 GMT+01:00 2007"
"231","2007-08-19","19","8","3","2007","Sun Aug 19 13:04:42 GMT+01:00 2007"
"232","2007-08-20","20","8","3","2007","Mon Aug 20 21:13:08 GMT+01:00 2007"
"233","2007-08-21","21","8","3","2007","Tue Aug 21 17:34:06 GMT+01:00 2007"
"234","2007-08-22","22","8","3","2007","Wed Aug 22 23:37:32 GMT+01:00 2007"
"235","2007-08-23","23","8","3","2007","Thu Aug 23 19:52:34 GMT+01:00 2007"
"236","2007-08-24","24","8","3","2007","Fri Aug 24 22:35:42 GMT+01:00 2007"
"237","2007-08-25","25","8","3","2007","Sat Aug 25 19:42:39 GMT+01:00 2007"
"238","2007-08-26","26","8","3","2007","Sun Aug 26 12:13:44 GMT+01:00 2007"
"239","2007-08-27","27","8","3","2007","Mon Aug 27 03:17:25 GMT+01:00 2007"
"240","2007-08-28","28","8","3","2007","Tue Aug 28 15:35:47 GMT+01:00 2007"
"241","2007-08-29","29","8","3","2007","Wed Aug 29 09:18:41 GMT+01:00 2007"
"242","2007-08-30","30","8","3","2007","Thu Aug 30 19:40:01 GMT+01:00 2007"
"243","2007-08-31","31","8","3","2007","Fri Aug 31 07:27:58 GMT+01:00 2007"
"244","2007-09-01","1","9","3","2007","Sat Sep 01 09:30:35 GMT+01:00 2007"
"245","2007-09-02","2","9","3","2007","Sun Sep 02 10:44:57 GMT+01:00 2007"
"246","2007-09-03","3","9","3","2007","Mon Sep 03 07:31:01 GMT+01:00 2007"
"247","2007-09-04","4","9","3","2007","Tue Sep 04 21:24:43 GMT+01:00 2007"
"248","2007-09-05","5","9","3","2007","Wed Sep 05 17:36:21 GMT+01:00 2007"
"249","2007-09-06","6","9","3","2007","Thu Sep 06 22:46:33 GMT+01:00 2007"
"250","2007-09-07","7","9","3","2007","Fri Sep 07 02:35:33 GMT+01:00 2007"
"251","2007-09-08","8","9","3","2007","Sat Sep 08 10:09:55 GMT+01:00 2007"
"252","2007-09-09","9","9","3","2007","Sun Sep 09 02:02:40 GMT+01:00 2007"
"253","2007-09-10","10","9","3","2007","Mon Sep 10 03:56:14 GMT+01:00 2007"
"254","2007-09-11","11","9","3","2007","Tue Sep 11 14:33:51 GMT+01:00 2007"
"255","2007-09-12","12","9","3","2007","Wed Sep 12 18:28:44 GMT+01:00 2007"
"256","2007-09-13","13","9","3","2007","Thu Sep 13 17:38:31 GMT+01:00 2007"
"257","2007-09-14","14","9","3","2007","Fri Sep 14 13:50:51 GMT+01:00 2007"
"258","2007-09-15","15","9","3","2007","Sat Sep 15 03:07:29 GMT+01:00 2007"
"259","2007-09-16","16","9","3","2007","Sun Sep 16 23:36:27 GMT+01:00 2007"
"260","2007-09-17","17","9","3","2007","Mon Sep 17 12:34:54 GMT+01:00 2007"
"261","2007-09-18","18","9","3","2007","Tue Sep 18 19:55:36 GMT+01:00 2007"
"262","2007-09-19","19","9","3","2007","Wed Sep 19 04:34:23 GMT+01:00 2007"
"263","2007-09-20","20","9","3","2007","Thu Sep 20 03:45:22 GMT+01:00 2007"
"264","2007-09-21","21","9","3","2007","Fri Sep 21 08:35:28 GMT+01:00 2007"
"265","2007-09-22","22","9","3","2007","Sat Sep 22 12:27:22 GMT+01:00 2007"
"266","2007-09-23","23","9","3","2007","Sun Sep 23 19:24:43 GMT+01:00 2007"
"267","2007-09-24","24","9","3","2007","Mon Sep 24 03:19:47 GMT+01:00 2007"
"268","2007-09-25","25","9","3","2007","Tue Sep 25 19:21:15 GMT+01:00 2007"
"269","2007-09-26","26","9","3","2007","Wed Sep 26 13:02:23 GMT+01:00 2007"
"270","2007-09-27","27","9","3","2007","Thu Sep 27 04:29:19 GMT+01:00 2007"
"271","2007-09-28","28","9","3","2007","Fri Sep 28 21:59:54 GMT+01:00 2007"
"272","2007-09-29","29","9","3","2007","Sat Sep 29 14:18:46 GMT+01:00 2007"
"273","2007-09-30","30","9","3","2007","Sun Sep 30 12:45:00 GMT+01:00 2007"
"274","2007-10-01","1","10","4","2007","Mon Oct 01 19:50:03 GMT+01:00 2007"
"275","2007-10-02","2","10","4","2007","Tue Oct 02 05:35:21 GMT+01:00 2007"
"276","2007-10-03","3","10","4","2007","Wed Oct 03 19:40:48 GMT+01:00 2007"
"277","2007-10-04","4","10","4","2007","Thu Oct 04 20:34:37 GMT+01:00 2007"
"278","2007-10-05","5","10","4","2007","Fri Oct 05 05:59:31 GMT+01:00 2007"
"279","2007-10-06","6","10","4","2007","Sat Oct 06 14:24:18 GMT+01:00 2007"
"280","2007-10-07","7","10","4","2007","Sun Oct 07 12:38:39 GMT+01:00 2007"
"281","2007-10-08","8","10","4","2007","Mon Oct 08 14:40:36 GMT+01:00 2007"
"282","2007-10-09","9","10","4","2007","Tue Oct 09 01:14:46 GMT+01:00 2007"
"283","2007-10-10","10","10","4","2007","Wed Oct 10 12:39:21 GMT+01:00 2007"
"284","2007-10-11","11","10","4","2007","Thu Oct 11 20:42:47 GMT+01:00 2007"
"285","2007-10-12","12","10","4","2007","Fri Oct 12 11:46:11 GMT+01:00 2007"
"286","2007-10-13","13","10","4","2007","Sat Oct 13 15:10:27 GMT+01:00 2007"
"287","2007-10-14","14","10","4","2007","Sun Oct 14 16:56:01 GMT+01:00 2007"
"288","2007-10-15","15","10","4","2007","Mon Oct 15 08:15:32 GMT+01:00 2007"
"289","2007-10-16","16","10","4","2007","Tue Oct 16 01:42:05 GMT+01:00 2007"
"290","2007-10-17","17","10","4","2007","Wed Oct 17 20:11:21 GMT+01:00 2007"
"291","2007-10-18","18","10","4","2007","Thu Oct 18 14:46:15 GMT+01:00 2007"
"292","2007-10-19","19","10","4","2007","Fri Oct 19 14:18:30 GMT+01:00 2007"
"293","2007-10-20","20","10","4","2007","Sat Oct 20 04:04:10 GMT+01:00 2007"
"294","2007-10-21","21","10","4","2007","Sun Oct 21 03:20:18 GMT+01:00 2007"
"295","2007-10-22","22","10","4","2007","Mon Oct 22 04:11:03 GMT+01:00 2007"
"296","2007-10-23","23","10","4","2007","Tue Oct 23 23:44:03 GMT+01:00 2007"
"297","2007-10-24","24","10","4","2007","Wed Oct 24 10:27:42 GMT+01:00 2007"
"298","2007-10-25","25","10","4","2007","Thu Oct 25 19:57:16 GMT+01:00 2007"
"299","2007-10-26","26","10","4","2007","Fri Oct 26 12:24:13 GMT+01:00 2007"
"300","2007-10-27","27","10","4","2007","Sat Oct 27 14:39:34 GMT+01:00 2007"
"301","2007-10-28","28","10","4","2007","Sun Oct 28 21:56:17 GMT+01:00 2007"
"302","2007-10-29","29","10","4","2007","Mon Oct 29 17:01:58 GMT+01:00 2007"
"303","2007-10-30","30","10","4","2007","Tue Oct 30 04:21:14 GMT+01:00 2007"
"304","2007-10-31","31","10","4","2007","Wed Oct 31 07:24:23 GMT+01:00 2007"
"305","2007-11-01","1","11","4","2007","Thu Nov 01 19:34:04 GMT+01:00 2007"
"306","2007-11-02","2","11","4","2007","Fri Nov 02 17:43:15 GMT+01:00 2007"
"307","2007-11-03","3","11","4","2007","Sat Nov 03 23:04:32 GMT+01:00 2007"
"308","2007-11-04","4","11","4","2007","Sun Nov 04 18:34:45 GMT+01:00 2007"
"309","2007-11-05","5","11","4","2007","Mon Nov 05 15:21:51 GMT+01:00 2007"
"310","2007-11-06","6","11","4","2007","Tue Nov 06 10:32:17 GMT+01:00 2007"
"311","2007-11-07","7","11","4","2007","Wed Nov 07 10:09:45 GMT+01:00 2007"
"312","2007-11-08","8","11","4","2007","Thu Nov 08 14:10:10 GMT+01:00 2007"
"313","2007-11-09","9","11","4","2007","Fri Nov 09 21:10:06 GMT+01:00 2007"
"314","2007-11-10","10","11","4","2007","Sat Nov 10 19:30:06 GMT+01:00 2007"
"315","2007-11-11","11","11","4","2007","Sun Nov 11 10:30:53 GMT+01:00 2007"
"316","2007-11-12","12","11","4","2007","Mon Nov 12 04:54:39 GMT+01:00 2007"
"317","2007-11-13","13","11","4","2007","Tue Nov 13 03:05:06 GMT+01:00 2007"
"318","2007-11-14","14","11","4","2007","Wed Nov 14 19:21:12 GMT+01:00 2007"
"319","2007-11-15","15","11","4","2007","Thu Nov 15 04:16:43 GMT+01:00 2007"
"320","2007-11-16","16","11","4","2007","Fri Nov 16 12:50:03 GMT+01:00 2007"
"321","2007-11-17","17","11","4","2007","Sat Nov 17 06:58:00 GMT+01:00 2007"
"322","2007-11-18","18","11","4","2007","Sun Nov 18 06:17:07 GMT+01:00 2007"
"323","2007-11-19","19","11","4","2007","Mon Nov 19 14:33:43 GMT+01:00 2007"
"324","2007-11-20","20","11","4","2007","Tue Nov 20 05:38:45 GMT+01:00 2007"
"325","2007-11-21","21","11","4","2007","Wed Nov 21 17:11:52 GMT+01:00 2007"
"326","2007-11-22","22","11","4","2007","Thu Nov 22 19:01:59 GMT+01:00 2007"
"327","2007-11-23","23","11","4","2007","Fri Nov 23 23:18:19 GMT+01:00 2007"
"328","2007-11-24","24","11","4","2007","Sat Nov 24 01:42:01 GMT+01:00 2007"
"329","2007-11-25","25","11","4","2007","Sun Nov 25 12:02:08 GMT+01:00 2007"
"330","2007-11-26","26","11","4","2007","Mon Nov 26 22:43:58 GMT+01:00 2007"
"331","2007-11-27","27","11","4","2007","Tue Nov 27 17:23:36 GMT+01:00 2007"
"332","2007-11-28","28","11","4","2007","Wed Nov 28 21:07:20 GMT+01:00 2007"
"333","2007-11-29","29","11","4","2007","Thu Nov 29 11:51:39 GMT+01:00 2007"
"334","2007-11-30","30","11","4","2007","Fri Nov 30 01:02:44 GMT+01:00 2007"
"335","2007-12-01","1","12","4","2007","Sat Dec 01 17:25:58 GMT+01:00 2007"
"336","2007-12-02","2","12","4","2007","Sun Dec 02 22:54:00 GMT+01:00 2007"
"337","2007-12-03","3","12","4","2007","Mon Dec 03 07:04:26 GMT+01:00 2007"
"338","2007-12-04","4","12","4","2007","Tue Dec 04 22:55:22 GMT+01:00 2007"
"339","2007-12-05","5","12","4","2007","Wed Dec 05 22:54:11 GMT+01:00 2007"
"340","2007-12-06","6","12","4","2007","Thu Dec 06 11:18:08 GMT+01:00 2007"
"341","2007-12-07","7","12","4","2007","Fri Dec 07 02:55:44 GMT+01:00 2007"
"342","2007-12-08","8","12","4","2007","Sat Dec 08 10:58:21 GMT+01:00 2007"
"343","2007-12-09","9","12","4","2007","Sun Dec 09 14:00:20 GMT+01:00 2007"
"344","2007-12-10","10","12","4","2007","Mon Dec 10 05:05:21 GMT+01:00 2007"
"345","2007-12-11","11","12","4","2007","Tue Dec 11 00:07:25 GMT+01:00 2007"
"346","2007-12-12","12","12","4","2007","Wed Dec 12 19:47:48 GMT+01:00 2007"
"347","2007-12-13","13","12","4","2007","Thu Dec 13 05:37:46 GMT+01:00 2007"
"348","2007-12-14","14","12","4","2007","Fri Dec 14 11:37:05 GMT+01:00 2007"
"349","2007-12-15","15","12","4","2007","Sat Dec 15 01:07:41 GMT+01:00 2007"
"350","2007-12-16","16","12","4","2007","Sun Dec 16 06:44:00 GMT+01:00 2007"
"351","2007-12-17","17","12","4","2007","Mon Dec 17 14:54:12 GMT+01:00 2007"
"352","2007-12-18","18","12","4","2007","Tue Dec 18 19:39:11 GMT+01:00 2007"
"353","2007-12-19","19","12","4","2007","Wed Dec 19 20:14:00 GMT+01:00 2007"
"354","2007-12-20","20","12","4","2007","Thu Dec 20 08:29:02 GMT+01:00 2007"
"355","2007-12-21","21","12","4","2007","Fri Dec 21 16:41:44 GMT+01:00 2007"
"356","2007-12-22","22","12","4","2007","Sat Dec 22 01:36:45 GMT+01:00 2007"
"357","2007-12-23","23","12","4","2007","Sun Dec 23 12:08:41 GMT+01:00 2007"
"358","2007-12-24","24","12","4","2007","Mon Dec 24 20:42:17 GMT+01:00 2007"
"359","2007-12-25","25","12","4","2007","Tue Dec 25 09:09:39 GMT+01:00 2007"
"360","2007-12-26","26","12","4","2007","Wed Dec 26 01:57:22 GMT+01:00 2007"
"361","2007-12-27","27","12","4","2007","Thu Dec 27 18:27:04 GMT+01:00 2007"
"362","2007-12-28","28","12","4","2007","Fri Dec 28 00:52:17 GMT+01:00 2007"
"363","2007-12-29","29","12","4","2007","Sat Dec 29 17:17:01 GMT+01:00 2007"
"364","2007-12-30","30","12","4","2007","Sun Dec 30 05:56:40 GMT+01:00 2007"
"365","2007-12-31","31","12","4","2007","Mon Dec 31 15:37:51 GMT+01:00 2007"
"366","2008-01-01","1","1","1","2008","Tue Jan 01 05:29:37 GMT+01:00 2008"
"367","2008-01-02","2","1","1","2008","Wed Jan 02 07:54:18 GMT+01:00 2008"
"368","2008-01-03","3","1","1","2008","Thu Jan 03 19:29:31 GMT+01:00 2008"
"369","2008-01-04","4","1","1","2008","Fri Jan 04 01:33:12 GMT+01:00 2008"
"370","2008-01-05","5","1","1","2008","Sat Jan 05 15:50:14 GMT+01:00 2008"
"371","2008-01-06","6","1","1","2008","Sun Jan 06 19:33:50 GMT+01:00 2008"
"372","2008-01-07","7","1","1","2008","Mon Jan 07 01:59:32 GMT+01:00 2008"
"373","2008-01-08","8","1","1","2008","Tue Jan 08 03:11:21 GMT+01:00 2008"
"374","2008-01-09","9","1","1","2008","Wed Jan 09 12:50:47 GMT+01:00 2008"
"375","2008-01-10","10","1","1","2008","Thu Jan 10 04:04:02 GMT+01:00 2008"
"376","2008-01-11","11","1","1","2008","Fri Jan 11 07:53:50 GMT+01:00 2008"
"377","2008-01-12","12","1","1","2008","Sat Jan 12 19:33:18 GMT+01:00 2008"
"378","2008-01-13","13","1","1","2008","Sun Jan 13 22:13:21 GMT+01:00 2008"
"379","2008-01-14","14","1","1","2008","Mon Jan 14 23:44:06 GMT+01:00 2008"
"380","2008-01-15","15","1","1","2008","Tue Jan 15 09:15:48 GMT+01:00 2008"
"381","2008-01-16","16","1","1","2008","Wed Jan 16 21:39:47 GMT+01:00 2008"
"382","2008-01-17","17","1","1","2008","Thu Jan 17 19:47:11 GMT+01:00 2008"
"383","2008-01-18","18","1","1","2008","Fri Jan 18 09:32:42 GMT+01:00 2008"
"384","2008-01-19","19","1","1","2008","Sat Jan 19 03:05:32 GMT+01:00 2008"
"385","2008-01-20","20","1","1","2008","Sun Jan 20 07:30:17 GMT+01:00 2008"
"386","2008-01-21","21","1","1","2008","Mon Jan 21 17:44:59 GMT+01:00 2008"
"387","2008-01-22","22","1","1","2008","Tue Jan 22 04:53:04 GMT+01:00 2008"
"388","2008-01-23","23","1","1","2008","Wed Jan 23 07:57:04 GMT+01:00 2008"
"389","2008-01-24","24","1","1","2008","Thu Jan 24 06:52:06 GMT+01:00 2008"
"390","2008-01-25","25","1","1","2008","Fri Jan 25 13:15:47 GMT+01:00 2008"
"391","2008-01-26","26","1","1","2008","Sat Jan 26 03:51:25 GMT+01:00 2008"
"392","2008-01-27","27","1","1","2008","Sun Jan 27 21:02:35 GMT+01:00 2008"
"393","2008-01-28","28","1","1","2008","Mon Jan 28 05:21:27 GMT+01:00 2008"
"394","2008-01-29","29","1","1","2008","Tue Jan 29 12:42:12 GMT+01:00 2008"
"395","2008-01-30","30","1","1","2008","Wed Jan 30 00:09:40 GMT+01:00 2008"
"396","2008-01-31","31","1","1","2008","Thu Jan 31 10:24:48 GMT+01:00 2008"
"397","2008-02-01","1","2","1","2008","Fri Feb 01 07:45:15 GMT+01:00 2008"
"398","2008-02-02","2","2","1","2008","Sat Feb 02 08:13:11 GMT+01:00 2008"
"399","2008-02-03","3","2","1","2008","Sun Feb 03 17:19:15 GMT+01:00 2008"
"400","2008-02-04","4","2","1","2008","Mon Feb 04 15:59:15 GMT+01:00 2008"
"401","2008-02-05","5","2","1","2008","Tue Feb 05 05:23:16 GMT+01:00 2008"
"402","2008-02-06","6","2","1","2008","Wed Feb 06 00:46:46 GMT+01:00 2008"
"403","2008-02-07","7","2","1","2008","Thu Feb 07 21:04:28 GMT+01:00 2008"
"404","2008-02-08","8","2","1","2008","Fri Feb 08 19:10:12 GMT+01:00 2008"
"405","2008-02-09","9","2","1","2008","Sat Feb 09 13:05:38 GMT+01:00 2008"
"406","2008-02-10","10","2","1","2008","Sun Feb 10 06:31:09 GMT+01:00 2008"
"407","2008-02-11","11","2","1","2008","Mon Feb 11 10:40:48 GMT+01:00 2008"
"408","2008-02-12","12","2","1","2008","Tue Feb 12 14:14:48 GMT+01:00 2008"
"409","2008-02-13","13","2","1","2008","Wed Feb 13 14:36:44 GMT+01:00 2008"
"410","2008-02-14","14","2","1","2008","Thu Feb 14 10:41:43 GMT+01:00 2008"
"411","2008-02-15","15","2","1","2008","Fri Feb 15 18:31:26 GMT+01:00 2008"
"412","2008-02-16","16","2","1","2008","Sat Feb 16 15:32:33 GMT+01:00 2008"
"413","2008-02-17","17","2","1","2008","Sun Feb 17 00:13:55 GMT+01:00 2008"
"414","2008-02-18","18","2","1","2008","Mon Feb 18 06:10:58 GMT+01:00 2008"
"415","2008-02-19","19","2","1","2008","Tue Feb 19 06:48:25 GMT+01:00 2008"
"416","2008-02-20","20","2","1","2008","Wed Feb 20 14:39:44 GMT+01:00 2008"
"417","2008-02-21","21","2","1","2008","Thu Feb 21 10:48:02 GMT+01:00 2008"
"418","2008-02-22","22","2","1","2008","Fri Feb 22 04:33:22 GMT+01:00 2008"
"419","2008-02-23","23","2","1","2008","Sat Feb 23 02:51:14 GMT+01:00 2008"
"420","2008-02-24","24","2","1","2008","Sun Feb 24 23:36:15 GMT+01:00 2008"
"421","2008-02-25","25","2","1","2008","Mon Feb 25 04:59:30 GMT+01:00 2008"
"422","2008-02-26","26","2","1","2008","Tue Feb 26 09:47:47 GMT+01:00 2008"
"423","2008-02-27","27","2","1","2008","Wed Feb 27 11:05:21 GMT+01:00 2008"
"424","2008-02-28","28","2","1","2008","Thu Feb 28 16:08:29 GMT+01:00 2008"
"425","2008-02-29","29","2","1","2008","Fri Feb 29 21:19:11 GMT+01:00 2008"
"426","2008-03-01","1","3","1","2008","Sat Mar 01 01:32:01 GMT+01:00 2008"
"427","2008-03-02","2","3","1","2008","Sun Mar 02 06:16:02 GMT+01:00 2008"
"428","2008-03-03","3","3","1","2008","Mon Mar 03 19:12:52 GMT+01:00 2008"
"429","2008-03-04","4","3","1","2008","Tue Mar 04 05:38:11 GMT+01:00 2008"
"430","2008-03-05","5","3","1","2008","Wed Mar 05 12:01:40 GMT+01:00 2008"
"431","2008-03-06","6","3","1","2008","Thu Mar 06 10:28:50 GMT+01:00 2008"
"432","2008-03-07","7","3","1","2008","Fri Mar 07 22:47:24 GMT+01:00 2008"
"433","2008-03-08","8","3","1","2008","Sat Mar 08 12:08:49 GMT+01:00 2008"
"434","2008-03-09","9","3","1","2008","Sun Mar 09 03:45:43 GMT+01:00 2008"
"435","2008-03-10","10","3","1","2008","Mon Mar 10 03:13:30 GMT+01:00 2008"
"436","2008-03-11","11","3","1","2008","Tue Mar 11 06:09:16 GMT+01:00 2008"
"437","2008-03-12","12","3","1","2008","Wed Mar 12 11:21:32 GMT+01:00 2008"
"438","2008-03-13","13","3","1","2008","Thu Mar 13 03:14:09 GMT+01:00 2008"
"439","2008-03-14","14","3","1","2008","Fri Mar 14 01:07:30 GMT+01:00 2008"
"440","2008-03-15","15","3","1","2008","Sat Mar 15 10:25:00 GMT+01:00 2008"
"441","2008-03-16","16","3","1","2008","Sun Mar 16 13:39:29 GMT+01:00 2008"
"442","2008-03-17","17","3","1","2008","Mon Mar 17 12:39:50 GMT+01:00 2008"
"443","2008-03-18","18","3","1","2008","Tue Mar 18 22:50:28 GMT+01:00 2008"
"444","2008-03-19","19","3","1","2008","Wed Mar 19 18:38:51 GMT+01:00 2008"
"445","2008-03-20","20","3","1","2008","Thu Mar 20 22:21:51 GMT+01:00 2008"
"446","2008-03-21","21","3","1","2008","Fri Mar 21 08:30:57 GMT+01:00 2008"
"447","2008-03-22","22","3","1","2008","Sat Mar 22 06:45:01 GMT+01:00 2008"
"448","2008-03-23","23","3","1","2008","Sun Mar 23 05:47:24 GMT+01:00 2008"
"449","2008-03-24","24","3","1","2008","Mon Mar 24 09:13:14 GMT+01:00 2008"
"450","2008-03-25","25","3","1","2008","Tue Mar 25 05:29:09 GMT+01:00 2008"
"451","2008-03-26","26","3","1","2008","Wed Mar 26 15:10:52 GMT+01:00 2008"
"452","2008-03-27","27","3","1","2008","Thu Mar 27 10:36:12 GMT+01:00 2008"
"453","2008-03-28","28","3","1","2008","Fri Mar 28 20:48:44 GMT+01:00 2008"
"454","2008-03-29","29","3","1","2008","Sat Mar 29 05:56:20 GMT+01:00 2008"
"455","2008-03-30","30","3","1","2008","Sun Mar 30 00:30:36 GMT+01:00 2008"
"456","2008-03-31","31","3","1","2008","Mon Mar 31 00:49:21 GMT+01:00 2008"
"457","2008-04-01","1","4","2","2008","Tue Apr 01 18:57:46 GMT+01:00 2008"
"458","2008-04-02","2","4","2","2008","Wed Apr 02 02:04:55 GMT+01:00 2008"
"459","2008-04-03","3","4","2","2008","Thu Apr 03 09:42:19 GMT+01:00 2008"
"460","2008-04-04","4","4","2","2008","Fri Apr 04 19:28:04 GMT+01:00 2008"
"461","2008-04-05","5","4","2","2008","Sat Apr 05 09:39:14 GMT+01:00 2008"
"462","2008-04-06","6","4","2","2008","Sun Apr 06 18:51:55 GMT+01:00 2008"
"463","2008-04-07","7","4","2","2008","Mon Apr 07 13:25:14 GMT+01:00 2008"
"464","2008-04-08","8","4","2","2008","Tue Apr 08 06:18:29 GMT+01:00 2008"
"465","2008-04-09","9","4","2","2008","Wed Apr 09 11:47:09 GMT+01:00 2008"
"466","2008-04-10","10","4","2","2008","Thu Apr 10 13:06:13 GMT+01:00 2008"
"467","2008-04-11","11","4","2","2008","Fri Apr 11 00:10:37 GMT+01:00 2008"
"468","2008-04-12","12","4","2","2008","Sat Apr 12 20:40:21 GMT+01:00 2008"
"469","2008-04-13","13","4","2","2008","Sun Apr 13 08:03:59 GMT+01:00 2008"
"470","2008-04-14","14","4","2","2008","Mon Apr 14 00:04:27 GMT+01:00 2008"
"471","2008-04-15","15","4","2","2008","Tue Apr 15 01:57:49 GMT+01:00 2008"
"472","2008-04-16","16","4","2","2008","Wed Apr 16 00:32:26 GMT+01:00 2008"
"473","2008-04-17","17","4","2","2008","Thu Apr 17 06:55:55 GMT+01:00 2008"
"474","2008-04-18","18","4","2","2008","Fri Apr 18 23:03:46 GMT+01:00 2008"
"475","2008-04-19","19","4","2","2008","Sat Apr 19 19:12:08 GMT+01:00 2008"
"476","2008-04-20","20","4","2","2008","Sun Apr 20 14:32:12 GMT+01:00 2008"
"477","2008-04-21","21","4","2","2008","Mon Apr 21 20:27:16 GMT+01:00 2008"
"478","2008-04-22","22","4","2","2008","Tue Apr 22 23:53:45 GMT+01:00 2008"
"479","2008-04-23","23","4","2","2008","Wed Apr 23 02:33:06 GMT+01:00 2008"
"480","2008-04-24","24","4","2","2008","Thu Apr 24 03:07:14 GMT+01:00 2008"
"481","2008-04-25","25","4","2","2008","Fri Apr 25 22:14:06 GMT+01:00 2008"
"482","2008-04-26","26","4","2","2008","Sat Apr 26 02:13:23 GMT+01:00 2008"
"483","2008-04-27","27","4","2","2008","Sun Apr 27 02:30:42 GMT+01:00 2008"
"484","2008-04-28","28","4","2","2008","Mon Apr 28 23:12:06 GMT+01:00 2008"
"485","2008-04-29","29","4","2","2008","Tue Apr 29 16:58:32 GMT+01:00 2008"
"486","2008-04-30","30","4","2","2008","Wed Apr 30 12:00:14 GMT+01:00 2008"
"487","2008-05-01","1","5","2","2008","Thu May 01 11:05:40 GMT+01:00 2008"
"488","2008-05-02","2","5","2","2008","Fri May 02 13:27:41 GMT+01:00 2008"
"489","2008-05-03","3","5","2","2008","Sat May 03 03:35:38 GMT+01:00 2008"
"490","2008-05-04","4","5","2","2008","Sun May 04 14:44:06 GMT+01:00 2008"
"491","2008-05-05","5","5","2","2008","Mon May 05 16:49:37 GMT+01:00 2008"
"492","2008-05-06","6","5","2","2008","Tue May 06 23:23:54 GMT+01:00 2008"
"493","2008-05-07","7","5","2","2008","Wed May 07 09:05:57 GMT+01:00 2008"
"494","2008-05-08","8","5","2","2008","Thu May 08 04:21:14 GMT+01:00 2008"
"495","2008-05-09","9","5","2","2008","Fri May 09 20:21:11 GMT+01:00 2008"
"496","2008-05-10","10","5","2","2008","Sat May 10 23:16:08 GMT+01:00 2008"
"497","2008-05-11","11","5","2","2008","Sun May 11 09:40:41 GMT+01:00 2008"
"498","2008-05-12","12","5","2","2008","Mon May 12 09:10:30 GMT+01:00 2008"
"499","2008-05-13","13","5","2","2008","Tue May 13 23:33:21 GMT+01:00 2008"
"500","2008-05-14","14","5","2","2008","Wed May 14 00:50:24 GMT+01:00 2008"
"501","2008-05-15","15","5","2","2008","Thu May 15 22:02:18 GMT+01:00 2008"
"502","2008-05-16","16","5","2","2008","Fri May 16 09:56:35 GMT+01:00 2008"
"503","2008-05-17","17","5","2","2008","Sat May 17 08:54:35 GMT+01:00 2008"
"504","2008-05-18","18","5","2","2008","Sun May 18 02:12:29 GMT+01:00 2008"
"505","2008-05-19","19","5","2","2008","Mon May 19 08:37:47 GMT+01:00 2008"
"506","2008-05-20","20","5","2","2008","Tue May 20 01:11:28 GMT+01:00 2008"
"507","2008-05-21","21","5","2","2008","Wed May 21 21:06:49 GMT+01:00 2008"
"508","2008-05-22","22","5","2","2008","Thu May 22 09:57:32 GMT+01:00 2008"
"509","2008-05-23","23","5","2","2008","Fri May 23 10:10:04 GMT+01:00 2008"
"510","2008-05-24","24","5","2","2008","Sat May 24 21:26:14 GMT+01:00 2008"
"511","2008-05-25","25","5","2","2008","Sun May 25 22:42:10 GMT+01:00 2008"
"512","2008-05-26","26","5","2","2008","Mon May 26 22:12:35 GMT+01:00 2008"
"513","2008-05-27","27","5","2","2008","Tue May 27 02:10:38 GMT+01:00 2008"
"514","2008-05-28","28","5","2","2008","Wed May 28 11:38:15 GMT+01:00 2008"
"515","2008-05-29","29","5","2","2008","Thu May 29 15:49:28 GMT+01:00 2008"
"516","2008-05-30","30","5","2","2008","Fri May 30 21:07:51 GMT+01:00 2008"
"517","2008-05-31","31","5","2","2008","Sat May 31 00:58:35 GMT+01:00 2008"
"518","2008-06-01","1","6","2","2008","Sun Jun 01 13:32:41 GMT+01:00 2008"
"519","2008-06-02","2","6","2","2008","Mon Jun 02 17:57:18 GMT+01:00 2008"
"520","2008-06-03","3","6","2","2008","Tue Jun 03 03:05:11 GMT+01:00 2008"
"521","2008-06-04","4","6","2","2008","Wed Jun 04 14:52:36 GMT+01:00 2008"
"522","2008-06-05","5","6","2","2008","Thu Jun 05 13:10:33 GMT+01:00 2008"
"523","2008-06-06","6","6","2","2008","Fri Jun 06 03:01:54 GMT+01:00 2008"
"524","2008-06-07","7","6","2","2008","Sat Jun 07 21:57:11 GMT+01:00 2008"
"525","2008-06-08","8","6","2","2008","Sun Jun 08 07:47:15 GMT+01:00 2008"
"526","2008-06-09","9","6","2","2008","Mon Jun 09 00:28:22 GMT+01:00 2008"
"527","2008-06-10","10","6","2","2008","Tue Jun 10 17:11:47 GMT+01:00 2008"
"528","2008-06-11","11","6","2","2008","Wed Jun 11 18:37:02 GMT+01:00 2008"
"529","2008-06-12","12","6","2","2008","Thu Jun 12 15:47:49 GMT+01:00 2008"
"530","2008-06-13","13","6","2","2008","Fri Jun 13 06:56:25 GMT+01:00 2008"
"531","2008-06-14","14","6","2","2008","Sat Jun 14 06:51:05 GMT+01:00 2008"
"532","2008-06-15","15","6","2","2008","Sun Jun 15 22:02:36 GMT+01:00 2008"
"533","2008-06-16","16","6","2","2008","Mon Jun 16 04:10:07 GMT+01:00 2008"
"534","2008-06-17","17","6","2","2008","Tue Jun 17 00:07:01 GMT+01:00 2008"
"535","2008-06-18","18","6","2","2008","Wed Jun 18 07:30:50 GMT+01:00 2008"
"536","2008-06-19","19","6","2","2008","Thu Jun 19 08:17:17 GMT+01:00 2008"
"537","2008-06-20","20","6","2","2008","Fri Jun 20 10:24:37 GMT+01:00 2008"
"538","2008-06-21","21","6","2","2008","Sat Jun 21 19:44:16 GMT+01:00 2008"
"539","2008-06-22","22","6","2","2008","Sun Jun 22 10:35:20 GMT+01:00 2008"
"540","2008-06-23","23","6","2","2008","Mon Jun 23 13:34:32 GMT+01:00 2008"
"541","2008-06-24","24","6","2","2008","Tue Jun 24 12:05:59 GMT+01:00 2008"
"542","2008-06-25","25","6","2","2008","Wed Jun 25 11:51:49 GMT+01:00 2008"
"543","2008-06-26","26","6","2","2008","Thu Jun 26 01:55:34 GMT+01:00 2008"
"544","2008-06-27","27","6","2","2008","Fri Jun 27 13:25:39 GMT+01:00 2008"
"545","2008-06-28","28","6","2","2008","Sat Jun 28 22:28:20 GMT+01:00 2008"
"546","2008-06-29","29","6","2","2008","Sun Jun 29 02:11:52 GMT+01:00 2008"
"547","2008-06-30","30","6","2","2008","Mon Jun 30 14:35:56 GMT+01:00 2008"
"548","2008-07-01","1","7","3","2008","Tue Jul 01 22:20:19 GMT+01:00 2008"
"549","2008-07-02","2","7","3","2008","Wed Jul 02 17:03:58 GMT+01:00 2008"
"550","2008-07-03","3","7","3","2008","Thu Jul 03 19:38:24 GMT+01:00 2008"
"551","2008-07-04","4","7","3","2008","Fri Jul 04 19:32:50 GMT+01:00 2008"
"552","2008-07-05","5","7","3","2008","Sat Jul 05 01:06:22 GMT+01:00 2008"
"553","2008-07-06","6","7","3","2008","Sun Jul 06 08:50:46 GMT+01:00 2008"
"554","2008-07-07","7","7","3","2008","Mon Jul 07 11:40:11 GMT+01:00 2008"
"555","2008-07-08","8","7","3","2008","Tue Jul 08 08:07:16 GMT+01:00 2008"
"556","2008-07-09","9","7","3","2008","Wed Jul 09 19:34:36 GMT+01:00 2008"
"557","2008-07-10","10","7","3","2008","Thu Jul 10 14:02:30 GMT+01:00 2008"
"558","2008-07-11","11","7","3","2008","Fri Jul 11 05:20:27 GMT+01:00 2008"
"559","2008-07-12","12","7","3","2008","Sat Jul 12 02:14:32 GMT+01:00 2008"
"560","2008-07-13","13","7","3","2008","Sun Jul 13 02:53:53 GMT+01:00 2008"
"561","2008-07-14","14","7","3","2008","Mon Jul 14 02:00:50 GMT+01:00 2008"
"562","2008-07-15","15","7","3","2008","Tue Jul 15 15:22:47 GMT+01:00 2008"
"563","2008-07-16","16","7","3","2008","Wed Jul 16 15:32:07 GMT+01:00 2008"
"564","2008-07-17","17","7","3","2008","Thu Jul 17 18:56:21 GMT+01:00 2008"
"565","2008-07-18","18","7","3","2008","Fri Jul 18 02:50:54 GMT+01:00 2008"
"566","2008-07-19","19","7","3","2008","Sat Jul 19 11:56:43 GMT+01:00 2008"
"567","2008-07-20","20","7","3","2008","Sun Jul 20 10:02:16 GMT+01:00 2008"
"568","2008-07-21","21","7","3","2008","Mon Jul 21 03:40:13 GMT+01:00 2008"
"569","2008-07-22","22","7","3","2008","Tue Jul 22 05:58:21 GMT+01:00 2008"
"570","2008-07-23","23","7","3","2008","Wed Jul 23 20:17:23 GMT+01:00 2008"
"571","2008-07-24","24","7","3","2008","Thu Jul 24 04:07:27 GMT+01:00 2008"
"572","2008-07-25","25","7","3","2008","Fri Jul 25 01:45:39 GMT+01:00 2008"
"573","2008-07-26","26","7","3","2008","Sat Jul 26 11:53:36 GMT+01:00 2008"
"574","2008-07-27","27","7","3","2008","Sun Jul 27 09:15:41 GMT+01:00 2008"
"575","2008-07-28","28","7","3","2008","Mon Jul 28 05:26:53 GMT+01:00 2008"
"576","2008-07-29","29","7","3","2008","Tue Jul 29 22:32:43 GMT+01:00 2008"
"577","2008-07-30","30","7","3","2008","Wed Jul 30 02:19:34 GMT+01:00 2008"
"578","2008-07-31","31","7","3","2008","Thu Jul 31 15:32:01 GMT+01:00 2008"
"579","2008-08-01","1","8","3","2008","Fri Aug 01 04:39:56 GMT+01:00 2008"
"580","2008-08-02","2","8","3","2008","Sat Aug 02 02:14:57 GMT+01:00 2008"
"581","2008-08-03","3","8","3","2008","Sun Aug 03 05:51:45 GMT+01:00 2008"
"582","2008-08-04","4","8","3","2008","Mon Aug 04 02:32:18 GMT+01:00 2008"
"583","2008-08-05","5","8","3","2008","Tue Aug 05 12:57:25 GMT+01:00 2008"
"584","2008-08-06","6","8","3","2008","Wed Aug 06 10:39:03 GMT+01:00 2008"
"585","2008-08-07","7","8","3","2008","Thu Aug 07 04:19:41 GMT+01:00 2008"
"586","2008-08-08","8","8","3","2008","Fri Aug 08 21:57:03 GMT+01:00 2008"
"587","2008-08-09","9","8","3","2008","Sat Aug 09 08:19:43 GMT+01:00 2008"
"588","2008-08-10","10","8","3","2008","Sun Aug 10 05:54:56 GMT+01:00 2008"
"589","2008-08-11","11","8","3","2008","Mon Aug 11 02:36:34 GMT+01:00 2008"
"590","2008-08-12","12","8","3","2008","Tue Aug 12 16:32:26 GMT+01:00 2008"
"591","2008-08-13","13","8","3","2008","Wed Aug 13 01:34:24 GMT+01:00 2008"
"592","2008-08-14","14","8","3","2008","Thu Aug 14 03:42:57 GMT+01:00 2008"
"593","2008-08-15","15","8","3","2008","Fri Aug 15 10:00:41 GMT+01:00 2008"
"594","2008-08-16","16","8","3","2008","Sat Aug 16 13:28:42 GMT+01:00 2008"
"595","2008-08-17","17","8","3","2008","Sun Aug 17 01:17:45 GMT+01:00 2008"
"596","2008-08-18","18","8","3","2008","Mon Aug 18 17:13:21 GMT+01:00 2008"
"597","2008-08-19","19","8","3","2008","Tue Aug 19 06:28:09 GMT+01:00 2008"
"598","2008-08-20","20","8","3","2008","Wed Aug 20 11:27:22 GMT+01:00 2008"
"599","2008-08-21","21","8","3","2008","Thu Aug 21 10:01:52 GMT+01:00 2008"
"600","2008-08-22","22","8","3","2008","Fri Aug 22 03:01:21 GMT+01:00 2008"
"601","2008-08-23","23","8","3","2008","Sat Aug 23 21:37:21 GMT+01:00 2008"
"602","2008-08-24","24","8","3","2008","Sun Aug 24 16:41:15 GMT+01:00 2008"
"603","2008-08-25","25","8","3","2008","Mon Aug 25 07:57:44 GMT+01:00 2008"
"604","2008-08-26","26","8","3","2008","Tue Aug 26 18:33:12 GMT+01:00 2008"
"605","2008-08-27","27","8","3","2008","Wed Aug 27 21:08:26 GMT+01:00 2008"
"606","2008-08-28","28","8","3","2008","Thu Aug 28 06:51:40 GMT+01:00 2008"
"607","2008-08-29","29","8","3","2008","Fri Aug 29 09:35:48 GMT+01:00 2008"
"608","2008-08-30","30","8","3","2008","Sat Aug 30 07:20:39 GMT+01:00 2008"
"609","2008-08-31","31","8","3","2008","Sun Aug 31 16:27:48 GMT+01:00 2008"
"610","2008-09-01","1","9","3","2008","Mon Sep 01 06:59:28 GMT+01:00 2008"
"611","2008-09-02","2","9","3","2008","Tue Sep 02 21:21:20 GMT+01:00 2008"
"612","2008-09-03","3","9","3","2008","Wed Sep 03 19:17:22 GMT+01:00 2008"
"613","2008-09-04","4","9","3","2008","Thu Sep 04 10:42:58 GMT+01:00 2008"
"614","2008-09-05","5","9","3","2008","Fri Sep 05 14:05:04 GMT+01:00 2008"
"615","2008-09-06","6","9","3","2008","Sat Sep 06 20:25:54 GMT+01:00 2008"
"616","2008-09-07","7","9","3","2008","Sun Sep 07 05:58:19 GMT+01:00 2008"
"617","2008-09-08","8","9","3","2008","Mon Sep 08 23:27:47 GMT+01:00 2008"
"618","2008-09-09","9","9","3","2008","Tue Sep 09 01:40:06 GMT+01:00 2008"
"619","2008-09-10","10","9","3","2008","Wed Sep 10 04:11:03 GMT+01:00 2008"
"620","2008-09-11","11","9","3","2008","Thu Sep 11 15:00:48 GMT+01:00 2008"
"621","2008-09-12","12","9","3","2008","Fri Sep 12 11:01:19 GMT+01:00 2008"
"622","2008-09-13","13","9","3","2008","Sat Sep 13 14:02:51 GMT+01:00 2008"
"623","2008-09-14","14","9","3","2008","Sun Sep 14 20:24:18 GMT+01:00 2008"
"624","2008-09-15","15","9","3","2008","Mon Sep 15 17:13:01 GMT+01:00 2008"
"625","2008-09-16","16","9","3","2008","Tue Sep 16 17:28:51 GMT+01:00 2008"
"626","2008-09-17","17","9","3","2008","Wed Sep 17 09:44:09 GMT+01:00 2008"
"627","2008-09-18","18","9","3","2008","Thu Sep 18 23:41:44 GMT+01:00 2008"
"628","2008-09-19","19","9","3","2008","Fri Sep 19 01:21:31 GMT+01:00 2008"
"629","2008-09-20","20","9","3","2008","Sat Sep 20 05:27:53 GMT+01:00 2008"
"630","2008-09-21","21","9","3","2008","Sun Sep 21 20:11:39 GMT+01:00 2008"
"631","2008-09-22","22","9","3","2008","Mon Sep 22 23:14:24 GMT+01:00 2008"
"632","2008-09-23","23","9","3","2008","Tue Sep 23 08:49:12 GMT+01:00 2008"
"633","2008-09-24","24","9","3","2008","Wed Sep 24 10:28:11 GMT+01:00 2008"
"634","2008-09-25","25","9","3","2008","Thu Sep 25 10:24:15 GMT+01:00 2008"
"635","2008-09-26","26","9","3","2008","Fri Sep 26 06:23:08 GMT+01:00 2008"
"636","2008-09-27","27","9","3","2008","Sat Sep 27 15:53:18 GMT+01:00 2008"
"637","2008-09-28","28","9","3","2008","Sun Sep 28 19:41:11 GMT+01:00 2008"
"638","2008-09-29","29","9","3","2008","Mon Sep 29 01:19:29 GMT+01:00 2008"
"639","2008-09-30","30","9","3","2008","Tue Sep 30 12:33:29 GMT+01:00 2008"
"640","2008-10-01","1","10","4","2008","Wed Oct 01 14:51:52 GMT+01:00 2008"
"641","2008-10-02","2","10","4","2008","Thu Oct 02 15:23:44 GMT+01:00 2008"
"642","2008-10-03","3","10","4","2008","Fri Oct 03 05:28:25 GMT+01:00 2008"
"643","2008-10-04","4","10","4","2008","Sat Oct 04 09:08:27 GMT+01:00 2008"
"644","2008-10-05","5","10","4","2008","Sun Oct 05 10:06:57 GMT+01:00 2008"
"645","2008-10-06","6","10","4","2008","Mon Oct 06 18:09:27 GMT+01:00 2008"
"646","2008-10-07","7","10","4","2008","Tue Oct 07 23:35:07 GMT+01:00 2008"
"647","2008-10-08","8","10","4","2008","Wed Oct 08 16:27:22 GMT+01:00 2008"
"648","2008-10-09","9","10","4","2008","Thu Oct 09 11:48:41 GMT+01:00 2008"
"649","2008-10-10","10","10","4","2008","Fri Oct 10 01:07:17 GMT+01:00 2008"
"650","2008-10-11","11","10","4","2008","Sat Oct 11 20:17:23 GMT+01:00 2008"
"651","2008-10-12","12","10","4","2008","Sun Oct 12 13:25:29 GMT+01:00 2008"
"652","2008-10-13","13","10","4","2008","Mon Oct 13 07:31:14 GMT+01:00 2008"
"653","2008-10-14","14","10","4","2008","Tue Oct 14 00:09:26 GMT+01:00 2008"
"654","2008-10-15","15","10","4","2008","Wed Oct 15 12:36:27 GMT+01:00 2008"
"655","2008-10-16","16","10","4","2008","Thu Oct 16 08:48:01 GMT+01:00 2008"
"656","2008-10-17","17","10","4","2008","Fri Oct 17 02:50:51 GMT+01:00 2008"
"657","2008-10-18","18","10","4","2008","Sat Oct 18 11:54:25 GMT+01:00 2008"
"658","2008-10-19","19","10","4","2008","Sun Oct 19 02:40:02 GMT+01:00 2008"
"659","2008-10-20","20","10","4","2008","Mon Oct 20 11:35:23 GMT+01:00 2008"
"660","2008-10-21","21","10","4","2008","Tue Oct 21 16:48:02 GMT+01:00 2008"
"661","2008-10-22","22","10","4","2008","Wed Oct 22 18:03:35 GMT+01:00 2008"
"662","2008-10-23","23","10","4","2008","Thu Oct 23 15:09:15 GMT+01:00 2008"
"663","2008-10-24","24","10","4","2008","Fri Oct 24 12:04:48 GMT+01:00 2008"
"664","2008-10-25","25","10","4","2008","Sat Oct 25 20:27:19 GMT+01:00 2008"
"665","2008-10-26","26","10","4","2008","Sun Oct 26 19:12:10 GMT+01:00 2008"
"666","2008-10-27","27","10","4","2008","Mon Oct 27 18:08:12 GMT+01:00 2008"
"667","2008-10-28","28","10","4","2008","Tue Oct 28 18:22:51 GMT+01:00 2008"
"668","2008-10-29","29","10","4","2008","Wed Oct 29 08:46:28 GMT+01:00 2008"
"669","2008-10-30","30","10","4","2008","Thu Oct 30 06:13:37 GMT+01:00 2008"
"670","2008-10-31","31","10","4","2008","Fri Oct 31 22:33:29 GMT+01:00 2008"
"671","2008-11-01","1","11","4","2008","Sat Nov 01 21:36:39 GMT+01:00 2008"
"672","2008-11-02","2","11","4","2008","Sun Nov 02 21:16:12 GMT+01:00 2008"
"673","2008-11-03","3","11","4","2008","Mon Nov 03 10:13:53 GMT+01:00 2008"
"674","2008-11-04","4","11","4","2008","Tue Nov 04 03:27:34 GMT+01:00 2008"
"675","2008-11-05","5","11","4","2008","Wed Nov 05 02:33:15 GMT+01:00 2008"
"676","2008-11-06","6","11","4","2008","Thu Nov 06 15:35:16 GMT+01:00 2008"
"677","2008-11-07","7","11","4","2008","Fri Nov 07 23:58:17 GMT+01:00 2008"
"678","2008-11-08","8","11","4","2008","Sat Nov 08 12:35:36 GMT+01:00 2008"
"679","2008-11-09","9","11","4","2008","Sun Nov 09 01:32:28 GMT+01:00 2008"
"680","2008-11-10","10","11","4","2008","Mon Nov 10 14:47:11 GMT+01:00 2008"
"681","2008-11-11","11","11","4","2008","Tue Nov 11 11:24:36 GMT+01:00 2008"
"682","2008-11-12","12","11","4","2008","Wed Nov 12 02:19:09 GMT+01:00 2008"
"683","2008-11-13","13","11","4","2008","Thu Nov 13 13:23:35 GMT+01:00 2008"
"684","2008-11-14","14","11","4","2008","Fri Nov 14 14:12:07 GMT+01:00 2008"
"685","2008-11-15","15","11","4","2008","Sat Nov 15 10:30:37 GMT+01:00 2008"
"686","2008-11-16","16","11","4","2008","Sun Nov 16 23:50:45 GMT+01:00 2008"
"687","2008-11-17","17","11","4","2008","Mon Nov 17 23:57:09 GMT+01:00 2008"
"688","2008-11-18","18","11","4","2008","Tue Nov 18 14:15:49 GMT+01:00 2008"
"689","2008-11-19","19","11","4","2008","Wed Nov 19 21:44:27 GMT+01:00 2008"
"690","2008-11-20","20","11","4","2008","Thu Nov 20 12:18:46 GMT+01:00 2008"
"691","2008-11-21","21","11","4","2008","Fri Nov 21 06:04:27 GMT+01:00 2008"
"692","2008-11-22","22","11","4","2008","Sat Nov 22 01:24:13 GMT+01:00 2008"
"693","2008-11-23","23","11","4","2008","Sun Nov 23 01:05:40 GMT+01:00 2008"
"694","2008-11-24","24","11","4","2008","Mon Nov 24 12:38:00 GMT+01:00 2008"
"695","2008-11-25","25","11","4","2008","Tue Nov 25 21:28:28 GMT+01:00 2008"
"696","2008-11-26","26","11","4","2008","Wed Nov 26 16:04:55 GMT+01:00 2008"
"697","2008-11-27","27","11","4","2008","Thu Nov 27 13:54:56 GMT+01:00 2008"
"698","2008-11-28","28","11","4","2008","Fri Nov 28 10:36:15 GMT+01:00 2008"
"699","2008-11-29","29","11","4","2008","Sat Nov 29 13:17:32 GMT+01:00 2008"
"700","2008-11-30","30","11","4","2008","Sun Nov 30 19:52:51 GMT+01:00 2008"
"701","2008-12-01","1","12","4","2008","Mon Dec 01 11:10:51 GMT+01:00 2008"
"702","2008-12-02","2","12","4","2008","Tue Dec 02 01:15:33 GMT+01:00 2008"
"703","2008-12-03","3","12","4","2008","Wed Dec 03 07:43:01 GMT+01:00 2008"
"704","2008-12-04","4","12","4","2008","Thu Dec 04 02:44:20 GMT+01:00 2008"
"705","2008-12-05","5","12","4","2008","Fri Dec 05 01:42:48 GMT+01:00 2008"
"706","2008-12-06","6","12","4","2008","Sat Dec 06 16:48:56 GMT+01:00 2008"
"707","2008-12-07","7","12","4","2008","Sun Dec 07 04:36:54 GMT+01:00 2008"
"708","2008-12-08","8","12","4","2008","Mon Dec 08 04:12:34 GMT+01:00 2008"
"709","2008-12-09","9","12","4","2008","Tue Dec 09 16:38:36 GMT+01:00 2008"
"710","2008-12-10","10","12","4","2008","Wed Dec 10 05:44:50 GMT+01:00 2008"
"711","2008-12-11","11","12","4","2008","Thu Dec 11 01:35:42 GMT+01:00 2008"
"712","2008-12-12","12","12","4","2008","Fri Dec 12 03:50:14 GMT+01:00 2008"
"713","2008-12-13","13","12","4","2008","Sat Dec 13 14:15:39 GMT+01:00 2008"
"714","2008-12-14","14","12","4","2008","Sun Dec 14 21:59:48 GMT+01:00 2008"
"715","2008-12-15","15","12","4","2008","Mon Dec 15 09:49:30 GMT+01:00 2008"
"716","2008-12-16","16","12","4","2008","Tue Dec 16 09:11:15 GMT+01:00 2008"
"717","2008-12-17","17","12","4","2008","Wed Dec 17 18:39:15 GMT+01:00 2008"
"718","2008-12-18","18","12","4","2008","Thu Dec 18 08:35:23 GMT+01:00 2008"
"719","2008-12-19","19","12","4","2008","Fri Dec 19 12:36:28 GMT+01:00 2008"
"720","2008-12-20","20","12","4","2008","Sat Dec 20 19:42:14 GMT+01:00 2008"
"721","2008-12-21","21","12","4","2008","Sun Dec 21 22:36:46 GMT+01:00 2008"
"722","2008-12-22","22","12","4","2008","Mon Dec 22 14:19:40 GMT+01:00 2008"
"723","2008-12-23","23","12","4","2008","Tue Dec 23 14:53:33 GMT+01:00 2008"
"724","2008-12-24","24","12","4","2008","Wed Dec 24 05:23:54 GMT+01:00 2008"
"725","2008-12-25","25","12","4","2008","Thu Dec 25 11:35:24 GMT+01:00 2008"
"726","2008-12-26","26","12","4","2008","Fri Dec 26 19:36:12 GMT+01:00 2008"
"727","2008-12-27","27","12","4","2008","Sat Dec 27 18:23:05 GMT+01:00 2008"
"728","2008-12-28","28","12","4","2008","Sun Dec 28 13:48:31 GMT+01:00 2008"
"729","2008-12-29","29","12","4","2008","Mon Dec 29 12:38:33 GMT+01:00 2008"
"730","2008-12-30","30","12","4","2008","Tue Dec 30 16:02:28 GMT+01:00 2008"
"731","2008-12-31","31","12","4","2008","Wed Dec 31 05:41:26 GMT+01:00 2008"
"732","2009-01-01","1","1","1","2009","Thu Jan 01 07:29:54 GMT+01:00 2009"
"733","2009-01-02","2","1","1","2009","Fri Jan 02 07:55:24 GMT+01:00 2009"
"734","2009-01-03","3","1","1","2009","Sat Jan 03 10:02:42 GMT+01:00 2009"
"735","2009-01-04","4","1","1","2009","Sun Jan 04 19:27:11 GMT+01:00 2009"
"736","2009-01-05","5","1","1","2009","Mon Jan 05 23:23:27 GMT+01:00 2009"
"737","2009-01-06","6","1","1","2009","Tue Jan 06 03:41:40 GMT+01:00 2009"
"738","2009-01-07","7","1","1","2009","Wed Jan 07 04:52:54 GMT+01:00 2009"
"739","2009-01-08","8","1","1","2009","Thu Jan 08 19:53:02 GMT+01:00 2009"
"740","2009-01-09","9","1","1","2009","Fri Jan 09 11:25:58 GMT+01:00 2009"
"741","2009-01-10","10","1","1","2009","Sat Jan 10 23:18:10 GMT+01:00 2009"
"742","2009-01-11","11","1","1","2009","Sun Jan 11 08:29:08 GMT+01:00 2009"
"743","2009-01-12","12","1","1","2009","Mon Jan 12 19:44:37 GMT+01:00 2009"
"744","2009-01-13","13","1","1","2009","Tue Jan 13 05:08:46 GMT+01:00 2009"
"745","2009-01-14","14","1","1","2009","Wed Jan 14 02:36:20 GMT+01:00 2009"
"746","2009-01-15","15","1","1","2009","Thu Jan 15 07:14:51 GMT+01:00 2009"
"747","2009-01-16","16","1","1","2009","Fri Jan 16 18:58:16 GMT+01:00 2009"
"748","2009-01-17","17","1","1","2009","Sat Jan 17 01:10:30 GMT+01:00 2009"
"749","2009-01-18","18","1","1","2009","Sun Jan 18 18:44:37 GMT+01:00 2009"
"750","2009-01-19","19","1","1","2009","Mon Jan 19 20:59:50 GMT+01:00 2009"
"751","2009-01-20","20","1","1","2009","Tue Jan 20 07:59:17 GMT+01:00 2009"
"752","2009-01-21","21","1","1","2009","Wed Jan 21 04:46:09 GMT+01:00 2009"
"753","2009-01-22","22","1","1","2009","Thu Jan 22 18:48:40 GMT+01:00 2009"
"754","2009-01-23","23","1","1","2009","Fri Jan 23 05:26:40 GMT+01:00 2009"
"755","2009-01-24","24","1","1","2009","Sat Jan 24 10:27:11 GMT+01:00 2009"
"756","2009-01-25","25","1","1","2009","Sun Jan 25 18:42:46 GMT+01:00 2009"
"757","2009-01-26","26","1","1","2009","Mon Jan 26 18:14:19 GMT+01:00 2009"
"758","2009-01-27","27","1","1","2009","Tue Jan 27 13:50:18 GMT+01:00 2009"
"759","2009-01-28","28","1","1","2009","Wed Jan 28 12:58:12 GMT+01:00 2009"
"760","2009-01-29","29","1","1","2009","Thu Jan 29 23:40:39 GMT+01:00 2009"
"761","2009-01-30","30","1","1","2009","Fri Jan 30 02:16:24 GMT+01:00 2009"
"762","2009-01-31","31","1","1","2009","Sat Jan 31 01:05:02 GMT+01:00 2009"
"763","2009-02-01","1","2","1","2009","Sun Feb 01 13:59:20 GMT+01:00 2009"
"764","2009-02-02","2","2","1","2009","Mon Feb 02 17:54:05 GMT+01:00 2009"
"765","2009-02-03","3","2","1","2009","Tue Feb 03 02:41:01 GMT+01:00 2009"
"766","2009-02-04","4","2","1","2009","Wed Feb 04 00:29:18 GMT+01:00 2009"
"767","2009-02-05","5","2","1","2009","Thu Feb 05 11:27:41 GMT+01:00 2009"
"768","2009-02-06","6","2","1","2009","Fri Feb 06 05:25:58 GMT+01:00 2009"
"769","2009-02-07","7","2","1","2009","Sat Feb 07 21:21:13 GMT+01:00 2009"
"770","2009-02-08","8","2","1","2009","Sun Feb 08 04:39:43 GMT+01:00 2009"
"771","2009-02-09","9","2","1","2009","Mon Feb 09 20:14:06 GMT+01:00 2009"
"772","2009-02-10","10","2","1","2009","Tue Feb 10 16:08:10 GMT+01:00 2009"
"773","2009-02-11","11","2","1","2009","Wed Feb 11 15:11:16 GMT+01:00 2009"
"774","2009-02-12","12","2","1","2009","Thu Feb 12 05:03:46 GMT+01:00 2009"
"775","2009-02-13","13","2","1","2009","Fri Feb 13 09:18:09 GMT+01:00 2009"
"776","2009-02-14","14","2","1","2009","Sat Feb 14 02:56:30 GMT+01:00 2009"
"777","2009-02-15","15","2","1","2009","Sun Feb 15 19:47:26 GMT+01:00 2009"
"778","2009-02-16","16","2","1","2009","Mon Feb 16 05:20:40 GMT+01:00 2009"
"779","2009-02-17","17","2","1","2009","Tue Feb 17 00:59:13 GMT+01:00 2009"
"780","2009-02-18","18","2","1","2009","Wed Feb 18 00:09:22 GMT+01:00 2009"
"781","2009-02-19","19","2","1","2009","Thu Feb 19 14:56:15 GMT+01:00 2009"
"782","2009-02-20","20","2","1","2009","Fri Feb 20 18:35:23 GMT+01:00 2009"
"783","2009-02-21","21","2","1","2009","Sat Feb 21 23:41:27 GMT+01:00 2009"
"784","2009-02-22","22","2","1","2009","Sun Feb 22 10:31:54 GMT+01:00 2009"
"785","2009-02-23","23","2","1","2009","Mon Feb 23 15:10:51 GMT+01:00 2009"
"786","2009-02-24","24","2","1","2009","Tue Feb 24 19:04:30 GMT+01:00 2009"
"787","2009-02-25","25","2","1","2009","Wed Feb 25 20:23:22 GMT+01:00 2009"
"788","2009-02-26","26","2","1","2009","Thu Feb 26 19:10:18 GMT+01:00 2009"
"789","2009-02-27","27","2","1","2009","Fri Feb 27 15:49:23 GMT+01:00 2009"
"790","2009-02-28","28","2","1","2009","Sat Feb 28 07:57:02 GMT+01:00 2009"
"791","2009-03-01","1","3","1","2009","Sun Mar 01 09:19:59 GMT+01:00 2009"
"792","2009-03-02","2","3","1","2009","Mon Mar 02 04:58:21 GMT+01:00 2009"
"793","2009-03-03","3","3","1","2009","Tue Mar 03 13:57:13 GMT+01:00 2009"
"794","2009-03-04","4","3","1","2009","Wed Mar 04 17:31:15 GMT+01:00 2009"
"795","2009-03-05","5","3","1","2009","Thu Mar 05 06:52:25 GMT+01:00 2009"
"796","2009-03-06","6","3","1","2009","Fri Mar 06 04:13:50 GMT+01:00 2009"
"797","2009-03-07","7","3","1","2009","Sat Mar 07 04:17:54 GMT+01:00 2009"
"798","2009-03-08","8","3","1","2009","Sun Mar 08 03:59:46 GMT+01:00 2009"
"799","2009-03-09","9","3","1","2009","Mon Mar 09 02:14:09 GMT+01:00 2009"
"800","2009-03-10","10","3","1","2009","Tue Mar 10 05:11:48 GMT+01:00 2009"
"801","2009-03-11","11","3","1","2009","Wed Mar 11 22:06:20 GMT+01:00 2009"
"802","2009-03-12","12","3","1","2009","Thu Mar 12 20:45:45 GMT+01:00 2009"
"803","2009-03-13","13","3","1","2009","Fri Mar 13 14:30:36 GMT+01:00 2009"
"804","2009-03-14","14","3","1","2009","Sat Mar 14 23:23:26 GMT+01:00 2009"
"805","2009-03-15","15","3","1","2009","Sun Mar 15 22:38:56 GMT+01:00 2009"
"806","2009-03-16","16","3","1","2009","Mon Mar 16 19:41:42 GMT+01:00 2009"
"807","2009-03-17","17","3","1","2009","Tue Mar 17 22:53:50 GMT+01:00 2009"
"808","2009-03-18","18","3","1","2009","Wed Mar 18 03:47:01 GMT+01:00 2009"
"809","2009-03-19","19","3","1","2009","Thu Mar 19 02:48:24 GMT+01:00 2009"
"810","2009-03-20","20","3","1","2009","Fri Mar 20 09:25:04 GMT+01:00 2009"
"811","2009-03-21","21","3","1","2009","Sat Mar 21 09:11:53 GMT+01:00 2009"
"812","2009-03-22","22","3","1","2009","Sun Mar 22 07:36:35 GMT+01:00 2009"
"813","2009-03-23","23","3","1","2009","Mon Mar 23 12:06:12 GMT+01:00 2009"
"814","2009-03-24","24","3","1","2009","Tue Mar 24 13:41:41 GMT+01:00 2009"
"815","2009-03-25","25","3","1","2009","Wed Mar 25 00:41:24 GMT+01:00 2009"
"816","2009-03-26","26","3","1","2009","Thu Mar 26 09:24:12 GMT+01:00 2009"
"817","2009-03-27","27","3","1","2009","Fri Mar 27 21:06:26 GMT+01:00 2009"
"818","2009-03-28","28","3","1","2009","Sat Mar 28 18:13:44 GMT+01:00 2009"
"819","2009-03-29","29","3","1","2009","Sun Mar 29 07:24:22 GMT+01:00 2009"
"820","2009-03-30","30","3","1","2009","Mon Mar 30 21:11:01 GMT+01:00 2009"
"821","2009-03-31","31","3","1","2009","Tue Mar 31 21:40:22 GMT+01:00 2009"
"822","2009-04-01","1","4","2","2009","Wed Apr 01 02:13:08 GMT+01:00 2009"
"823","2009-04-02","2","4","2","2009","Thu Apr 02 22:55:26 GMT+01:00 2009"
"824","2009-04-03","3","4","2","2009","Fri Apr 03 22:53:13 GMT+01:00 2009"
"825","2009-04-04","4","4","2","2009","Sat Apr 04 23:46:52 GMT+01:00 2009"
"826","2009-04-05","5","4","2","2009","Sun Apr 05 17:40:52 GMT+01:00 2009"
"827","2009-04-06","6","4","2","2009","Mon Apr 06 14:56:37 GMT+01:00 2009"
"828","2009-04-07","7","4","2","2009","Tue Apr 07 09:01:25 GMT+01:00 2009"
"829","2009-04-08","8","4","2","2009","Wed Apr 08 20:05:55 GMT+01:00 2009"
"830","2009-04-09","9","4","2","2009","Thu Apr 09 04:12:45 GMT+01:00 2009"
"831","2009-04-10","10","4","2","2009","Fri Apr 10 01:14:31 GMT+01:00 2009"
"832","2009-04-11","11","4","2","2009","Sat Apr 11 03:04:15 GMT+01:00 2009"
"833","2009-04-12","12","4","2","2009","Sun Apr 12 23:40:00 GMT+01:00 2009"
"834","2009-04-13","13","4","2","2009","Mon Apr 13 15:08:00 GMT+01:00 2009"
"835","2009-04-14","14","4","2","2009","Tue Apr 14 10:50:09 GMT+01:00 2009"
"836","2009-04-15","15","4","2","2009","Wed Apr 15 23:54:07 GMT+01:00 2009"
"837","2009-04-16","16","4","2","2009","Thu Apr 16 03:23:57 GMT+01:00 2009"
"838","2009-04-17","17","4","2","2009","Fri Apr 17 04:43:14 GMT+01:00 2009"
"839","2009-04-18","18","4","2","2009","Sat Apr 18 00:08:23 GMT+01:00 2009"
"840","2009-04-19","19","4","2","2009","Sun Apr 19 15:39:15 GMT+01:00 2009"
"841","2009-04-20","20","4","2","2009","Mon Apr 20 01:40:19 GMT+01:00 2009"
"842","2009-04-21","21","4","2","2009","Tue Apr 21 20:29:14 GMT+01:00 2009"
"843","2009-04-22","22","4","2","2009","Wed Apr 22 11:08:34 GMT+01:00 2009"
"844","2009-04-23","23","4","2","2009","Thu Apr 23 09:35:14 GMT+01:00 2009"
"845","2009-04-24","24","4","2","2009","Fri Apr 24 09:59:48 GMT+01:00 2009"
"846","2009-04-25","25","4","2","2009","Sat Apr 25 12:39:52 GMT+01:00 2009"
"847","2009-04-26","26","4","2","2009","Sun Apr 26 21:28:50 GMT+01:00 2009"
"848","2009-04-27","27","4","2","2009","Mon Apr 27 07:38:53 GMT+01:00 2009"
"849","2009-04-28","28","4","2","2009","Tue Apr 28 03:12:35 GMT+01:00 2009"
"850","2009-04-29","29","4","2","2009","Wed Apr 29 08:08:45 GMT+01:00 2009"
"851","2009-04-30","30","4","2","2009","Thu Apr 30 13:55:04 GMT+01:00 2009"
"852","2009-05-01","1","5","2","2009","Fri May 01 23:03:34 GMT+01:00 2009"
"853","2009-05-02","2","5","2","2009","Sat May 02 01:05:51 GMT+01:00 2009"
"854","2009-05-03","3","5","2","2009","Sun May 03 14:27:42 GMT+01:00 2009"
"855","2009-05-04","4","5","2","2009","Mon May 04 20:04:36 GMT+01:00 2009"
"856","2009-05-05","5","5","2","2009","Tue May 05 07:49:45 GMT+01:00 2009"
"857","2009-05-06","6","5","2","2009","Wed May 06 15:18:46 GMT+01:00 2009"
"858","2009-05-07","7","5","2","2009","Thu May 07 08:56:21 GMT+01:00 2009"
"859","2009-05-08","8","5","2","2009","Fri May 08 02:29:29 GMT+01:00 2009"
"860","2009-05-09","9","5","2","2009","Sat May 09 05:10:38 GMT+01:00 2009"
"861","2009-05-10","10","5","2","2009","Sun May 10 07:03:08 GMT+01:00 2009"
"862","2009-05-11","11","5","2","2009","Mon May 11 14:36:21 GMT+01:00 2009"
"863","2009-05-12","12","5","2","2009","Tue May 12 05:36:07 GMT+01:00 2009"
"864","2009-05-13","13","5","2","2009","Wed May 13 14:17:51 GMT+01:00 2009"
"865","2009-05-14","14","5","2","2009","Thu May 14 02:26:10 GMT+01:00 2009"
"866","2009-05-15","15","5","2","2009","Fri May 15 18:02:46 GMT+01:00 2009"
"867","2009-05-16","16","5","2","2009","Sat May 16 09:46:51 GMT+01:00 2009"
"868","2009-05-17","17","5","2","2009","Sun May 17 21:41:43 GMT+01:00 2009"
"869","2009-05-18","18","5","2","2009","Mon May 18 13:29:56 GMT+01:00 2009"
"870","2009-05-19","19","5","2","2009","Tue May 19 13:37:14 GMT+01:00 2009"
"871","2009-05-20","20","5","2","2009","Wed May 20 15:59:44 GMT+01:00 2009"
"872","2009-05-21","21","5","2","2009","Thu May 21 18:20:27 GMT+01:00 2009"
"873","2009-05-22","22","5","2","2009","Fri May 22 15:46:37 GMT+01:00 2009"
"874","2009-05-23","23","5","2","2009","Sat May 23 10:25:58 GMT+01:00 2009"
"875","2009-05-24","24","5","2","2009","Sun May 24 00:12:25 GMT+01:00 2009"
"876","2009-05-25","25","5","2","2009","Mon May 25 09:02:51 GMT+01:00 2009"
"877","2009-05-26","26","5","2","2009","Tue May 26 00:06:55 GMT+01:00 2009"
"878","2009-05-27","27","5","2","2009","Wed May 27 00:58:40 GMT+01:00 2009"
"879","2009-05-28","28","5","2","2009","Thu May 28 17:34:30 GMT+01:00 2009"
"880","2009-05-29","29","5","2","2009","Fri May 29 00:05:54 GMT+01:00 2009"
"881","2009-05-30","30","5","2","2009","Sat May 30 16:36:02 GMT+01:00 2009"
"882","2009-05-31","31","5","2","2009","Sun May 31 13:18:04 GMT+01:00 2009"
"883","2009-06-01","1","6","2","2009","Mon Jun 01 06:58:00 GMT+01:00 2009"
"884","2009-06-02","2","6","2","2009","Tue Jun 02 21:53:36 GMT+01:00 2009"
"885","2009-06-03","3","6","2","2009","Wed Jun 03 14:06:00 GMT+01:00 2009"
"886","2009-06-04","4","6","2","2009","Thu Jun 04 16:47:39 GMT+01:00 2009"
"887","2009-06-05","5","6","2","2009","Fri Jun 05 08:29:06 GMT+01:00 2009"
"888","2009-06-06","6","6","2","2009","Sat Jun 06 16:48:11 GMT+01:00 2009"
"889","2009-06-07","7","6","2","2009","Sun Jun 07 12:41:07 GMT+01:00 2009"
"890","2009-06-08","8","6","2","2009","Mon Jun 08 17:18:36 GMT+01:00 2009"
"891","2009-06-09","9","6","2","2009","Tue Jun 09 22:28:03 GMT+01:00 2009"
"892","2009-06-10","10","6","2","2009","Wed Jun 10 08:08:35 GMT+01:00 2009"
"893","2009-06-11","11","6","2","2009","Thu Jun 11 14:36:57 GMT+01:00 2009"
"894","2009-06-12","12","6","2","2009","Fri Jun 12 14:38:22 GMT+01:00 2009"
"895","2009-06-13","13","6","2","2009","Sat Jun 13 06:18:52 GMT+01:00 2009"
"896","2009-06-14","14","6","2","2009","Sun Jun 14 23:27:28 GMT+01:00 2009"
"897","2009-06-15","15","6","2","2009","Mon Jun 15 00:22:48 GMT+01:00 2009"
"898","2009-06-16","16","6","2","2009","Tue Jun 16 16:17:40 GMT+01:00 2009"
"899","2009-06-17","17","6","2","2009","Wed Jun 17 06:05:04 GMT+01:00 2009"
"900","2009-06-18","18","6","2","2009","Thu Jun 18 04:45:20 GMT+01:00 2009"
"901","2009-06-19","19","6","2","2009","Fri Jun 19 05:38:19 GMT+01:00 2009"
"902","2009-06-20","20","6","2","2009","Sat Jun 20 13:50:42 GMT+01:00 2009"
"903","2009-06-21","21","6","2","2009","Sun Jun 21 06:33:43 GMT+01:00 2009"
"904","2009-06-22","22","6","2","2009","Mon Jun 22 09:21:52 GMT+01:00 2009"
"905","2009-06-23","23","6","2","2009","Tue Jun 23 18:12:09 GMT+01:00 2009"
"906","2009-06-24","24","6","2","2009","Wed Jun 24 21:03:51 GMT+01:00 2009"
"907","2009-06-25","25","6","2","2009","Thu Jun 25 05:04:42 GMT+01:00 2009"
"908","2009-06-26","26","6","2","2009","Fri Jun 26 19:01:42 GMT+01:00 2009"
"909","2009-06-27","27","6","2","2009","Sat Jun 27 12:34:51 GMT+01:00 2009"
"910","2009-06-28","28","6","2","2009","Sun Jun 28 04:15:53 GMT+01:00 2009"
"911","2009-06-29","29","6","2","2009","Mon Jun 29 05:07:02 GMT+01:00 2009"
"912","2009-06-30","30","6","2","2009","Tue Jun 30 02:11:01 GMT+01:00 2009"
"913","2009-07-01","1","7","3","2009","Wed Jul 01 15:32:18 GMT+01:00 2009"
"914","2009-07-02","2","7","3","2009","Thu Jul 02 22:19:08 GMT+01:00 2009"
"915","2009-07-03","3","7","3","2009","Fri Jul 03 15:12:26 GMT+01:00 2009"
"916","2009-07-04","4","7","3","2009","Sat Jul 04 15:07:18 GMT+01:00 2009"
"917","2009-07-05","5","7","3","2009","Sun Jul 05 00:40:01 GMT+01:00 2009"
"918","2009-07-06","6","7","3","2009","Mon Jul 06 07:44:12 GMT+01:00 2009"
"919","2009-07-07","7","7","3","2009","Tue Jul 07 02:51:49 GMT+01:00 2009"
"920","2009-07-08","8","7","3","2009","Wed Jul 08 14:45:01 GMT+01:00 2009"
"921","2009-07-09","9","7","3","2009","Thu Jul 09 08:09:51 GMT+01:00 2009"
"922","2009-07-10","10","7","3","2009","Fri Jul 10 16:31:56 GMT+01:00 2009"
"923","2009-07-11","11","7","3","2009","Sat Jul 11 08:37:45 GMT+01:00 2009"
"924","2009-07-12","12","7","3","2009","Sun Jul 12 15:20:27 GMT+01:00 2009"
"925","2009-07-13","13","7","3","2009","Mon Jul 13 12:02:06 GMT+01:00 2009"
"926","2009-07-14","14","7","3","2009","Tue Jul 14 15:38:51 GMT+01:00 2009"
"927","2009-07-15","15","7","3","2009","Wed Jul 15 05:23:15 GMT+01:00 2009"
"928","2009-07-16","16","7","3","2009","Thu Jul 16 16:51:17 GMT+01:00 2009"
"929","2009-07-17","17","7","3","2009","Fri Jul 17 09:21:50 GMT+01:00 2009"
"930","2009-07-18","18","7","3","2009","Sat Jul 18 03:12:16 GMT+01:00 2009"
"931","2009-07-19","19","7","3","2009","Sun Jul 19 20:25:42 GMT+01:00 2009"
"932","2009-07-20","20","7","3","2009","Mon Jul 20 03:23:52 GMT+01:00 2009"
"933","2009-07-21","21","7","3","2009","Tue Jul 21 01:16:23 GMT+01:00 2009"
"934","2009-07-22","22","7","3","2009","Wed Jul 22 11:21:19 GMT+01:00 2009"
"935","2009-07-23","23","7","3","2009","Thu Jul 23 21:03:44 GMT+01:00 2009"
"936","2009-07-24","24","7","3","2009","Fri Jul 24 19:27:54 GMT+01:00 2009"
"937","2009-07-25","25","7","3","2009","Sat Jul 25 14:39:06 GMT+01:00 2009"
"938","2009-07-26","26","7","3","2009","Sun Jul 26 18:41:59 GMT+01:00 2009"
"939","2009-07-27","27","7","3","2009","Mon Jul 27 15:44:02 GMT+01:00 2009"
"940","2009-07-28","28","7","3","2009","Tue Jul 28 14:43:44 GMT+01:00 2009"
"941","2009-07-29","29","7","3","2009","Wed Jul 29 05:06:48 GMT+01:00 2009"
"942","2009-07-30","30","7","3","2009","Thu Jul 30 02:17:33 GMT+01:00 2009"
"943","2009-07-31","31","7","3","2009","Fri Jul 31 21:52:31 GMT+01:00 2009"
"944","2009-08-01","1","8","3","2009","Sat Aug 01 10:26:58 GMT+01:00 2009"
"945","2009-08-02","2","8","3","2009","Sun Aug 02 10:04:21 GMT+01:00 2009"
"946","2009-08-03","3","8","3","2009","Mon Aug 03 12:09:51 GMT+01:00 2009"
"947","2009-08-04","4","8","3","2009","Tue Aug 04 06:55:20 GMT+01:00 2009"
"948","2009-08-05","5","8","3","2009","Wed Aug 05 05:58:51 GMT+01:00 2009"
"949","2009-08-06","6","8","3","2009","Thu Aug 06 13:48:43 GMT+01:00 2009"
"950","2009-08-07","7","8","3","2009","Fri Aug 07 01:34:28 GMT+01:00 2009"
"951","2009-08-08","8","8","3","2009","Sat Aug 08 08:27:53 GMT+01:00 2009"
"952","2009-08-09","9","8","3","2009","Sun Aug 09 10:50:20 GMT+01:00 2009"
"953","2009-08-10","10","8","3","2009","Mon Aug 10 18:43:42 GMT+01:00 2009"
"954","2009-08-11","11","8","3","2009","Tue Aug 11 08:57:15 GMT+01:00 2009"
"955","2009-08-12","12","8","3","2009","Wed Aug 12 18:14:46 GMT+01:00 2009"
"956","2009-08-13","13","8","3","2009","Thu Aug 13 07:24:10 GMT+01:00 2009"
"957","2009-08-14","14","8","3","2009","Fri Aug 14 23:24:30 GMT+01:00 2009"
"958","2009-08-15","15","8","3","2009","Sat Aug 15 15:41:26 GMT+01:00 2009"
"959","2009-08-16","16","8","3","2009","Sun Aug 16 16:54:48 GMT+01:00 2009"
"960","2009-08-17","17","8","3","2009","Mon Aug 17 07:13:14 GMT+01:00 2009"
"961","2009-08-18","18","8","3","2009","Tue Aug 18 23:04:05 GMT+01:00 2009"
"962","2009-08-19","19","8","3","2009","Wed Aug 19 05:10:08 GMT+01:00 2009"
"963","2009-08-20","20","8","3","2009","Thu Aug 20 11:38:35 GMT+01:00 2009"
"964","2009-08-21","21","8","3","2009","Fri Aug 21 06:10:16 GMT+01:00 2009"
"965","2009-08-22","22","8","3","2009","Sat Aug 22 04:46:38 GMT+01:00 2009"
"966","2009-08-23","23","8","3","2009","Sun Aug 23 23:12:30 GMT+01:00 2009"
"967","2009-08-24","24","8","3","2009","Mon Aug 24 00:07:48 GMT+01:00 2009"
"968","2009-08-25","25","8","3","2009","Tue Aug 25 08:06:26 GMT+01:00 2009"
"969","2009-08-26","26","8","3","2009","Wed Aug 26 18:17:23 GMT+01:00 2009"
"970","2009-08-27","27","8","3","2009","Thu Aug 27 00:40:37 GMT+01:00 2009"
"971","2009-08-28","28","8","3","2009","Fri Aug 28 22:02:43 GMT+01:00 2009"
"972","2009-08-29","29","8","3","2009","Sat Aug 29 23:46:25 GMT+01:00 2009"
"973","2009-08-30","30","8","3","2009","Sun Aug 30 20:45:04 GMT+01:00 2009"
"974","2009-08-31","31","8","3","2009","Mon Aug 31 10:13:37 GMT+01:00 2009"
"975","2009-09-01","1","9","3","2009","Tue Sep 01 10:48:06 GMT+01:00 2009"
"976","2009-09-02","2","9","3","2009","Wed Sep 02 01:32:12 GMT+01:00 2009"
"977","2009-09-03","3","9","3","2009","Thu Sep 03 18:25:07 GMT+01:00 2009"
"978","2009-09-04","4","9","3","2009","Fri Sep 04 00:01:43 GMT+01:00 2009"
"979","2009-09-05","5","9","3","2009","Sat Sep 05 16:57:01 GMT+01:00 2009"
"980","2009-09-06","6","9","3","2009","Sun Sep 06 17:46:15 GMT+01:00 2009"
"981","2009-09-07","7","9","3","2009","Mon Sep 07 02:54:19 GMT+01:00 2009"
"982","2009-09-08","8","9","3","2009","Tue Sep 08 03:54:00 GMT+01:00 2009"
"983","2009-09-09","9","9","3","2009","Wed Sep 09 12:22:23 GMT+01:00 2009"
"984","2009-09-10","10","9","3","2009","Thu Sep 10 00:45:01 GMT+01:00 2009"
"985","2009-09-11","11","9","3","2009","Fri Sep 11 18:58:10 GMT+01:00 2009"
"986","2009-09-12","12","9","3","2009","Sat Sep 12 18:37:05 GMT+01:00 2009"
"987","2009-09-13","13","9","3","2009","Sun Sep 13 18:53:54 GMT+01:00 2009"
"988","2009-09-14","14","9","3","2009","Mon Sep 14 17:26:19 GMT+01:00 2009"
"989","2009-09-15","15","9","3","2009","Tue Sep 15 18:08:09 GMT+01:00 2009"
"990","2009-09-16","16","9","3","2009","Wed Sep 16 04:37:50 GMT+01:00 2009"
"991","2009-09-17","17","9","3","2009","Thu Sep 17 22:20:17 GMT+01:00 2009"
"992","2009-09-18","18","9","3","2009","Fri Sep 18 19:04:27 GMT+01:00 2009"
"993","2009-09-19","19","9","3","2009","Sat Sep 19 12:00:21 GMT+01:00 2009"
"994","2009-09-20","20","9","3","2009","Sun Sep 20 22:25:04 GMT+01:00 2009"
"995","2009-09-21","21","9","3","2009","Mon Sep 21 21:56:57 GMT+01:00 2009"
"996","2009-09-22","22","9","3","2009","Tue Sep 22 09:24:14 GMT+01:00 2009"
"997","2009-09-23","23","9","3","2009","Wed Sep 23 01:39:16 GMT+01:00 2009"
"998","2009-09-24","24","9","3","2009","Thu Sep 24 20:54:41 GMT+01:00 2009"
"999","2009-09-25","25","9","3","2009","Fri Sep 25 15:02:46 GMT+01:00 2009"
"1000","2009-09-26","26","9","3","2009","Sat Sep 26 20:39:29 GMT+01:00 2009"
"1001","2009-09-27","27","9","3","2009","Sun Sep 27 21:05:15 GMT+01:00 2009"
"1002","2009-09-28","28","9","3","2009","Mon Sep 28 17:49:45 GMT+01:00 2009"
"1003","2009-09-29","29","9","3","2009","Tue Sep 29 06:52:11 GMT+01:00 2009"
"1004","2009-09-30","30","9","3","2009","Wed Sep 30 17:44:59 GMT+01:00 2009"
"1005","2009-10-01","1","10","4","2009","Thu Oct 01 22:11:37 GMT+01:00 2009"
"1006","2009-10-02","2","10","4","2009","Fri Oct 02 06:36:18 GMT+01:00 2009"
"1007","2009-10-03","3","10","4","2009","Sat Oct 03 05:45:41 GMT+01:00 2009"
"1008","2009-10-04","4","10","4","2009","Sun Oct 04 02:44:22 GMT+01:00 2009"
"1009","2009-10-05","5","10","4","2009","Mon Oct 05 03:19:12 GMT+01:00 2009"
"1010","2009-10-06","6","10","4","2009","Tue Oct 06 02:23:03 GMT+01:00 2009"
"1011","2009-10-07","7","10","4","2009","Wed Oct 07 17:07:01 GMT+01:00 2009"
"1012","2009-10-08","8","10","4","2009","Thu Oct 08 16:59:51 GMT+01:00 2009"
"1013","2009-10-09","9","10","4","2009","Fri Oct 09 17:04:44 GMT+01:00 2009"
"1014","2009-10-10","10","10","4","2009","Sat Oct 10 07:36:27 GMT+01:00 2009"
"1015","2009-10-11","11","10","4","2009","Sun Oct 11 09:48:40 GMT+01:00 2009"
"1016","2009-10-12","12","10","4","2009","Mon Oct 12 08:23:41 GMT+01:00 2009"
"1017","2009-10-13","13","10","4","2009","Tue Oct 13 01:40:09 GMT+01:00 2009"
"1018","2009-10-14","14","10","4","2009","Wed Oct 14 09:09:32 GMT+01:00 2009"
"1019","2009-10-15","15","10","4","2009","Thu Oct 15 16:49:34 GMT+01:00 2009"
"1020","2009-10-16","16","10","4","2009","Fri Oct 16 03:07:34 GMT+01:00 2009"
"1021","2009-10-17","17","10","4","2009","Sat Oct 17 14:17:19 GMT+01:00 2009"
"1022","2009-10-18","18","10","4","2009","Sun Oct 18 13:28:00 GMT+01:00 2009"
"1023","2009-10-19","19","10","4","2009","Mon Oct 19 11:51:52 GMT+01:00 2009"
"1024","2009-10-20","20","10","4","2009","Tue Oct 20 06:11:22 GMT+01:00 2009"
"1025","2009-10-21","21","10","4","2009","Wed Oct 21 21:10:31 GMT+01:00 2009"
"1026","2009-10-22","22","10","4","2009","Thu Oct 22 15:12:36 GMT+01:00 2009"
"1027","2009-10-23","23","10","4","2009","Fri Oct 23 15:45:51 GMT+01:00 2009"
"1028","2009-10-24","24","10","4","2009","Sat Oct 24 03:48:55 GMT+01:00 2009"
"1029","2009-10-25","25","10","4","2009","Sun Oct 25 12:04:00 GMT+01:00 2009"
"1030","2009-10-26","26","10","4","2009","Mon Oct 26 12:37:39 GMT+01:00 2009"
"1031","2009-10-27","27","10","4","2009","Tue Oct 27 20:25:15 GMT+01:00 2009"
"1032","2009-10-28","28","10","4","2009","Wed Oct 28 15:35:24 GMT+01:00 2009"
"1033","2009-10-29","29","10","4","2009","Thu Oct 29 10:35:03 GMT+01:00 2009"
"1034","2009-10-30","30","10","4","2009","Fri Oct 30 05:10:39 GMT+01:00 2009"
"1035","2009-10-31","31","10","4","2009","Sat Oct 31 18:49:22 GMT+01:00 2009"
"1036","2009-11-01","1","11","4","2009","Sun Nov 01 17:54:29 GMT+01:00 2009"
"1037","2009-11-02","2","11","4","2009","Mon Nov 02 17:26:48 GMT+01:00 2009"
"1038","2009-11-03","3","11","4","2009","Tue Nov 03 16:52:49 GMT+01:00 2009"
"1039","2009-11-04","4","11","4","2009","Wed Nov 04 13:41:33 GMT+01:00 2009"
"1040","2009-11-05","5","11","4","2009","Thu Nov 05 04:52:04 GMT+01:00 2009"
"1041","2009-11-06","6","11","4","2009","Fri Nov 06 16:19:15 GMT+01:00 2009"
"1042","2009-11-07","7","11","4","2009","Sat Nov 07 11:54:30 GMT+01:00 2009"
"1043","2009-11-08","8","11","4","2009","Sun Nov 08 16:03:36 GMT+01:00 2009"
"1044","2009-11-09","9","11","4","2009","Mon Nov 09 09:20:52 GMT+01:00 2009"
"1045","2009-11-10","10","11","4","2009","Tue Nov 10 05:41:30 GMT+01:00 2009"
"1046","2009-11-11","11","11","4","2009","Wed Nov 11 06:20:47 GMT+01:00 2009"
"1047","2009-11-12","12","11","4","2009","Thu Nov 12 21:30:16 GMT+01:00 2009"
"1048","2009-11-13","13","11","4","2009","Fri Nov 13 12:06:35 GMT+01:00 2009"
"1049","2009-11-14","14","11","4","2009","Sat Nov 14 22:19:39 GMT+01:00 2009"
"1050","2009-11-15","15","11","4","2009","Sun Nov 15 06:59:09 GMT+01:00 2009"
"1051","2009-11-16","16","11","4","2009","Mon Nov 16 16:16:56 GMT+01:00 2009"
"1052","2009-11-17","17","11","4","2009","Tue Nov 17 08:47:04 GMT+01:00 2009"
"1053","2009-11-18","18","11","4","2009","Wed Nov 18 16:58:20 GMT+01:00 2009"
"1054","2009-11-19","19","11","4","2009","Thu Nov 19 08:54:24 GMT+01:00 2009"
"1055","2009-11-20","20","11","4","2009","Fri Nov 20 02:06:23 GMT+01:00 2009"
"1056","2009-11-21","21","11","4","2009","Sat Nov 21 22:48:41 GMT+01:00 2009"
"1057","2009-11-22","22","11","4","2009","Sun Nov 22 13:24:53 GMT+01:00 2009"
"1058","2009-11-23","23","11","4","2009","Mon Nov 23 11:21:56 GMT+01:00 2009"
"1059","2009-11-24","24","11","4","2009","Tue Nov 24 08:42:10 GMT+01:00 2009"
"1060","2009-11-25","25","11","4","2009","Wed Nov 25 23:03:12 GMT+01:00 2009"
"1061","2009-11-26","26","11","4","2009","Thu Nov 26 22:59:12 GMT+01:00 2009"
"1062","2009-11-27","27","11","4","2009","Fri Nov 27 08:35:36 GMT+01:00 2009"
"1063","2009-11-28","28","11","4","2009","Sat Nov 28 05:32:38 GMT+01:00 2009"
"1064","2009-11-29","29","11","4","2009","Sun Nov 29 22:58:41 GMT+01:00 2009"
"1065","2009-11-30","30","11","4","2009","Mon Nov 30 06:34:29 GMT+01:00 2009"
"1066","2009-12-01","1","12","4","2009","Tue Dec 01 12:54:10 GMT+01:00 2009"
"1067","2009-12-02","2","12","4","2009","Wed Dec 02 05:30:15 GMT+01:00 2009"
"1068","2009-12-03","3","12","4","2009","Thu Dec 03 05:07:14 GMT+01:00 2009"
"1069","2009-12-04","4","12","4","2009","Fri Dec 04 03:58:26 GMT+01:00 2009"
"1070","2009-12-05","5","12","4","2009","Sat Dec 05 06:24:41 GMT+01:00 2009"
"1071","2009-12-06","6","12","4","2009","Sun Dec 06 11:40:57 GMT+01:00 2009"
"1072","2009-12-07","7","12","4","2009","Mon Dec 07 16:23:52 GMT+01:00 2009"
"1073","2009-12-08","8","12","4","2009","Tue Dec 08 16:12:58 GMT+01:00 2009"
"1074","2009-12-09","9","12","4","2009","Wed Dec 09 18:13:35 GMT+01:00 2009"
"1075","2009-12-10","10","12","4","2009","Thu Dec 10 23:08:07 GMT+01:00 2009"
"1076","2009-12-11","11","12","4","2009","Fri Dec 11 05:52:00 GMT+01:00 2009"
"1077","2009-12-12","12","12","4","2009","Sat Dec 12 08:06:44 GMT+01:00 2009"
"1078","2009-12-13","13","12","4","2009","Sun Dec 13 02:41:35 GMT+01:00 2009"
"1079","2009-12-14","14","12","4","2009","Mon Dec 14 06:47:25 GMT+01:00 2009"
"1080","2009-12-15","15","12","4","2009","Tue Dec 15 03:42:39 GMT+01:00 2009"
"1081","2009-12-16","16","12","4","2009","Wed Dec 16 00:31:50 GMT+01:00 2009"
"1082","2009-12-17","17","12","4","2009","Thu Dec 17 04:52:37 GMT+01:00 2009"
"1083","2009-12-18","18","12","4","2009","Fri Dec 18 15:21:56 GMT+01:00 2009"
"1084","2009-12-19","19","12","4","2009","Sat Dec 19 03:07:35 GMT+01:00 2009"
"1085","2009-12-20","20","12","4","2009","Sun Dec 20 19:06:56 GMT+01:00 2009"
"1086","2009-12-21","21","12","4","2009","Mon Dec 21 23:04:50 GMT+01:00 2009"
"1087","2009-12-22","22","12","4","2009","Tue Dec 22 08:50:53 GMT+01:00 2009"
"1088","2009-12-23","23","12","4","2009","Wed Dec 23 21:04:08 GMT+01:00 2009"
"1089","2009-12-24","24","12","4","2009","Thu Dec 24 07:53:22 GMT+01:00 2009"
"1090","2009-12-25","25","12","4","2009","Fri Dec 25 12:28:05 GMT+01:00 2009"
"1091","2009-12-26","26","12","4","2009","Sat Dec 26 16:32:40 GMT+01:00 2009"
"1092","2009-12-27","27","12","4","2009","Sun Dec 27 17:08:20 GMT+01:00 2009"
"1093","2009-12-28","28","12","4","2009","Mon Dec 28 09:01:41 GMT+01:00 2009"
"1094","2009-12-29","29","12","4","2009","Tue Dec 29 14:44:09 GMT+01:00 2009"
"1095","2009-12-30","30","12","4","2009","Wed Dec 30 11:31:36 GMT+01:00 2009"
"1096","2009-12-31","31","12","4","2009","Thu Dec 31 05:41:42 GMT+01:00 2009"
"1097","2010-01-01","1","1","1","2010","Fri Jan 01 13:50:50 GMT+01:00 2010"
"1098","2010-01-02","2","1","1","2010","Sat Jan 02 03:16:23 GMT+01:00 2010"
"1099","2010-01-03","3","1","1","2010","Sun Jan 03 18:06:22 GMT+01:00 2010"
"1100","2010-01-04","4","1","1","2010","Mon Jan 04 18:25:18 GMT+01:00 2010"
"1101","2010-01-05","5","1","1","2010","Tue Jan 05 16:38:06 GMT+01:00 2010"
"1102","2010-01-06","6","1","1","2010","Wed Jan 06 21:46:44 GMT+01:00 2010"
"1103","2010-01-07","7","1","1","2010","Thu Jan 07 11:57:44 GMT+01:00 2010"
"1104","2010-01-08","8","1","1","2010","Fri Jan 08 19:13:53 GMT+01:00 2010"
"1105","2010-01-09","9","1","1","2010","Sat Jan 09 10:14:18 GMT+01:00 2010"
"1106","2010-01-10","10","1","1","2010","Sun Jan 10 06:11:36 GMT+01:00 2010"
"1107","2010-01-11","11","1","1","2010","Mon Jan 11 02:33:09 GMT+01:00 2010"
"1108","2010-01-12","12","1","1","2010","Tue Jan 12 16:28:14 GMT+01:00 2010"
"1109","2010-01-13","13","1","1","2010","Wed Jan 13 17:39:12 GMT+01:00 2010"
"1110","2010-01-14","14","1","1","2010","Thu Jan 14 18:51:40 GMT+01:00 2010"
"1111","2010-01-15","15","1","1","2010","Fri Jan 15 07:16:11 GMT+01:00 2010"
"1112","2010-01-16","16","1","1","2010","Sat Jan 16 02:48:36 GMT+01:00 2010"
"1113","2010-01-17","17","1","1","2010","Sun Jan 17 18:50:10 GMT+01:00 2010"
"1114","2010-01-18","18","1","1","2010","Mon Jan 18 15:12:43 GMT+01:00 2010"
"1115","2010-01-19","19","1","1","2010","Tue Jan 19 07:13:59 GMT+01:00 2010"
"1116","2010-01-20","20","1","1","2010","Wed Jan 20 08:32:36 GMT+01:00 2010"
"1117","2010-01-21","21","1","1","2010","Thu Jan 21 13:16:45 GMT+01:00 2010"
"1118","2010-01-22","22","1","1","2010","Fri Jan 22 00:23:36 GMT+01:00 2010"
"1119","2010-01-23","23","1","1","2010","Sat Jan 23 18:56:42 GMT+01:00 2010"
"1120","2010-01-24","24","1","1","2010","Sun Jan 24 23:02:19 GMT+01:00 2010"
"1121","2010-01-25","25","1","1","2010","Mon Jan 25 21:24:21 GMT+01:00 2010"
"1122","2010-01-26","26","1","1","2010","Tue Jan 26 12:27:22 GMT+01:00 2010"
"1123","2010-01-27","27","1","1","2010","Wed Jan 27 22:43:58 GMT+01:00 2010"
"1124","2010-01-28","28","1","1","2010","Thu Jan 28 13:35:04 GMT+01:00 2010"
"1125","2010-01-29","29","1","1","2010","Fri Jan 29 05:38:02 GMT+01:00 2010"
"1126","2010-01-30","30","1","1","2010","Sat Jan 30 15:54:22 GMT+01:00 2010"
"1127","2010-01-31","31","1","1","2010","Sun Jan 31 23:57:26 GMT+01:00 2010"
"1128","2010-02-01","1","2","1","2010","Mon Feb 01 07:31:04 GMT+01:00 2010"
"1129","2010-02-02","2","2","1","2010","Tue Feb 02 20:58:14 GMT+01:00 2010"
"1130","2010-02-03","3","2","1","2010","Wed Feb 03 19:54:29 GMT+01:00 2010"
"1131","2010-02-04","4","2","1","2010","Thu Feb 04 21:58:29 GMT+01:00 2010"
"1132","2010-02-05","5","2","1","2010","Fri Feb 05 14:35:13 GMT+01:00 2010"
"1133","2010-02-06","6","2","1","2010","Sat Feb 06 00:27:15 GMT+01:00 2010"
"1134","2010-02-07","7","2","1","2010","Sun Feb 07 21:51:46 GMT+01:00 2010"
"1135","2010-02-08","8","2","1","2010","Mon Feb 08 05:24:52 GMT+01:00 2010"
"1136","2010-02-09","9","2","1","2010","Tue Feb 09 07:52:52 GMT+01:00 2010"
"1137","2010-02-10","10","2","1","2010","Wed Feb 10 23:36:46 GMT+01:00 2010"
"1138","2010-02-11","11","2","1","2010","Thu Feb 11 21:28:06 GMT+01:00 2010"
"1139","2010-02-12","12","2","1","2010","Fri Feb 12 14:04:06 GMT+01:00 2010"
"1140","2010-02-13","13","2","1","2010","Sat Feb 13 17:59:37 GMT+01:00 2010"
"1141","2010-02-14","14","2","1","2010","Sun Feb 14 19:14:21 GMT+01:00 2010"
"1142","2010-02-15","15","2","1","2010","Mon Feb 15 15:32:59 GMT+01:00 2010"
"1143","2010-02-16","16","2","1","2010","Tue Feb 16 04:30:59 GMT+01:00 2010"
"1144","2010-02-17","17","2","1","2010","Wed Feb 17 13:10:21 GMT+01:00 2010"
"1145","2010-02-18","18","2","1","2010","Thu Feb 18 19:00:29 GMT+01:00 2010"
"1146","2010-02-19","19","2","1","2010","Fri Feb 19 15:48:24 GMT+01:00 2010"
"1147","2010-02-20","20","2","1","2010","Sat Feb 20 05:17:30 GMT+01:00 2010"
"1148","2010-02-21","21","2","1","2010","Sun Feb 21 23:07:16 GMT+01:00 2010"
"1149","2010-02-22","22","2","1","2010","Mon Feb 22 16:44:52 GMT+01:00 2010"
"1150","2010-02-23","23","2","1","2010","Tue Feb 23 19:34:28 GMT+01:00 2010"
"1151","2010-02-24","24","2","1","2010","Wed Feb 24 11:41:34 GMT+01:00 2010"
"1152","2010-02-25","25","2","1","2010","Thu Feb 25 22:23:57 GMT+01:00 2010"
"1153","2010-02-26","26","2","1","2010","Fri Feb 26 18:57:46 GMT+01:00 2010"
"1154","2010-02-27","27","2","1","2010","Sat Feb 27 14:58:14 GMT+01:00 2010"
"1155","2010-02-28","28","2","1","2010","Sun Feb 28 23:09:48 GMT+01:00 2010"
"1156","2010-03-01","1","3","1","2010","Mon Mar 01 06:11:27 GMT+01:00 2010"
"1157","2010-03-02","2","3","1","2010","Tue Mar 02 13:45:51 GMT+01:00 2010"
"1158","2010-03-03","3","3","1","2010","Wed Mar 03 20:16:32 GMT+01:00 2010"
"1159","2010-03-04","4","3","1","2010","Thu Mar 04 18:09:11 GMT+01:00 2010"
"1160","2010-03-05","5","3","1","2010","Fri Mar 05 19:46:40 GMT+01:00 2010"
"1161","2010-03-06","6","3","1","2010","Sat Mar 06 07:06:15 GMT+01:00 2010"
"1162","2010-03-07","7","3","1","2010","Sun Mar 07 08:13:26 GMT+01:00 2010"
"1163","2010-03-08","8","3","1","2010","Mon Mar 08 02:31:26 GMT+01:00 2010"
"1164","2010-03-09","9","3","1","2010","Tue Mar 09 07:39:02 GMT+01:00 2010"
"1165","2010-03-10","10","3","1","2010","Wed Mar 10 12:11:09 GMT+01:00 2010"
"1166","2010-03-11","11","3","1","2010","Thu Mar 11 20:44:57 GMT+01:00 2010"
"1167","2010-03-12","12","3","1","2010","Fri Mar 12 10:29:46 GMT+01:00 2010"
"1168","2010-03-13","13","3","1","2010","Sat Mar 13 17:42:45 GMT+01:00 2010"
"1169","2010-03-14","14","3","1","2010","Sun Mar 14 04:37:16 GMT+01:00 2010"
"1170","2010-03-15","15","3","1","2010","Mon Mar 15 02:05:14 GMT+01:00 2010"
"1171","2010-03-16","16","3","1","2010","Tue Mar 16 02:58:46 GMT+01:00 2010"
"1172","2010-03-17","17","3","1","2010","Wed Mar 17 17:20:10 GMT+01:00 2010"
"1173","2010-03-18","18","3","1","2010","Thu Mar 18 03:01:58 GMT+01:00 2010"
"1174","2010-03-19","19","3","1","2010","Fri Mar 19 11:24:43 GMT+01:00 2010"
"1175","2010-03-20","20","3","1","2010","Sat Mar 20 14:54:20 GMT+01:00 2010"
"1176","2010-03-21","21","3","1","2010","Sun Mar 21 00:11:30 GMT+01:00 2010"
"1177","2010-03-22","22","3","1","2010","Mon Mar 22 16:44:20 GMT+01:00 2010"
"1178","2010-03-23","23","3","1","2010","Tue Mar 23 09:11:24 GMT+01:00 2010"
"1179","2010-03-24","24","3","1","2010","Wed Mar 24 11:30:50 GMT+01:00 2010"
"1180","2010-03-25","25","3","1","2010","Thu Mar 25 12:48:07 GMT+01:00 2010"
"1181","2010-03-26","26","3","1","2010","Fri Mar 26 14:41:46 GMT+01:00 2010"
"1182","2010-03-27","27","3","1","2010","Sat Mar 27 12:21:32 GMT+01:00 2010"
"1183","2010-03-28","28","3","1","2010","Sun Mar 28 20:06:28 GMT+01:00 2010"
"1184","2010-03-29","29","3","1","2010","Mon Mar 29 00:25:52 GMT+01:00 2010"
"1185","2010-03-30","30","3","1","2010","Tue Mar 30 07:34:57 GMT+01:00 2010"
"1186","2010-03-31","31","3","1","2010","Wed Mar 31 09:46:46 GMT+01:00 2010"
"1187","2010-04-01","1","4","2","2010","Thu Apr 01 05:11:21 GMT+01:00 2010"
"1188","2010-04-02","2","4","2","2010","Fri Apr 02 21:14:22 GMT+01:00 2010"
"1189","2010-04-03","3","4","2","2010","Sat Apr 03 15:45:15 GMT+01:00 2010"
"1190","2010-04-04","4","4","2","2010","Sun Apr 04 16:30:53 GMT+01:00 2010"
"1191","2010-04-05","5","4","2","2010","Mon Apr 05 01:00:57 GMT+01:00 2010"
"1192","2010-04-06","6","4","2","2010","Tue Apr 06 16:21:28 GMT+01:00 2010"
"1193","2010-04-07","7","4","2","2010","Wed Apr 07 11:45:32 GMT+01:00 2010"
"1194","2010-04-08","8","4","2","2010","Thu Apr 08 00:38:01 GMT+01:00 2010"
"1195","2010-04-09","9","4","2","2010","Fri Apr 09 16:04:23 GMT+01:00 2010"
"1196","2010-04-10","10","4","2","2010","Sat Apr 10 01:42:32 GMT+01:00 2010"
"1197","2010-04-11","11","4","2","2010","Sun Apr 11 09:25:55 GMT+01:00 2010"
"1198","2010-04-12","12","4","2","2010","Mon Apr 12 07:15:49 GMT+01:00 2010"
"1199","2010-04-13","13","4","2","2010","Tue Apr 13 04:07:41 GMT+01:00 2010"
"1200","2010-04-14","14","4","2","2010","Wed Apr 14 00:53:05 GMT+01:00 2010"
"1201","2010-04-15","15","4","2","2010","Thu Apr 15 03:26:51 GMT+01:00 2010"
"1202","2010-04-16","16","4","2","2010","Fri Apr 16 03:02:43 GMT+01:00 2010"
"1203","2010-04-17","17","4","2","2010","Sat Apr 17 18:05:44 GMT+01:00 2010"
"1204","2010-04-18","18","4","2","2010","Sun Apr 18 02:16:06 GMT+01:00 2010"
"1205","2010-04-19","19","4","2","2010","Mon Apr 19 14:27:22 GMT+01:00 2010"
"1206","2010-04-20","20","4","2","2010","Tue Apr 20 20:45:53 GMT+01:00 2010"
"1207","2010-04-21","21","4","2","2010","Wed Apr 21 20:17:46 GMT+01:00 2010"
"1208","2010-04-22","22","4","2","2010","Thu Apr 22 09:03:57 GMT+01:00 2010"
"1209","2010-04-23","23","4","2","2010","Fri Apr 23 09:07:12 GMT+01:00 2010"
"1210","2010-04-24","24","4","2","2010","Sat Apr 24 17:30:24 GMT+01:00 2010"
"1211","2010-04-25","25","4","2","2010","Sun Apr 25 23:11:55 GMT+01:00 2010"
"1212","2010-04-26","26","4","2","2010","Mon Apr 26 11:30:55 GMT+01:00 2010"
"1213","2010-04-27","27","4","2","2010","Tue Apr 27 16:08:03 GMT+01:00 2010"
"1214","2010-04-28","28","4","2","2010","Wed Apr 28 01:35:01 GMT+01:00 2010"
"1215","2010-04-29","29","4","2","2010","Thu Apr 29 01:40:41 GMT+01:00 2010"
"1216","2010-04-30","30","4","2","2010","Fri Apr 30 16:00:55 GMT+01:00 2010"
"1217","2010-05-01","1","5","2","2010","Sat May 01 20:20:36 GMT+01:00 2010"
"1218","2010-05-02","2","5","2","2010","Sun May 02 15:23:26 GMT+01:00 2010"
"1219","2010-05-03","3","5","2","2010","Mon May 03 03:13:03 GMT+01:00 2010"
"1220","2010-05-04","4","5","2","2010","Tue May 04 21:34:54 GMT+01:00 2010"
"1221","2010-05-05","5","5","2","2010","Wed May 05 09:35:25 GMT+01:00 2010"
"1222","2010-05-06","6","5","2","2010","Thu May 06 04:00:30 GMT+01:00 2010"
"1223","2010-05-07","7","5","2","2010","Fri May 07 20:07:17 GMT+01:00 2010"
"1224","2010-05-08","8","5","2","2010","Sat May 08 18:41:46 GMT+01:00 2010"
"1225","2010-05-09","9","5","2","2010","Sun May 09 08:18:55 GMT+01:00 2010"
"1226","2010-05-10","10","5","2","2010","Mon May 10 09:56:23 GMT+01:00 2010"
"1227","2010-05-11","11","5","2","2010","Tue May 11 07:06:32 GMT+01:00 2010"
"1228","2010-05-12","12","5","2","2010","Wed May 12 09:42:25 GMT+01:00 2010"
"1229","2010-05-13","13","5","2","2010","Thu May 13 18:34:22 GMT+01:00 2010"
"1230","2010-05-14","14","5","2","2010","Fri May 14 21:51:23 GMT+01:00 2010"
"1231","2010-05-15","15","5","2","2010","Sat May 15 00:39:39 GMT+01:00 2010"
"1232","2010-05-16","16","5","2","2010","Sun May 16 11:58:36 GMT+01:00 2010"
"1233","2010-05-17","17","5","2","2010","Mon May 17 11:23:40 GMT+01:00 2010"
"1234","2010-05-18","18","5","2","2010","Tue May 18 07:29:38 GMT+01:00 2010"
"1235","2010-05-19","19","5","2","2010","Wed May 19 09:16:57 GMT+01:00 2010"
"1236","2010-05-20","20","5","2","2010","Thu May 20 04:35:55 GMT+01:00 2010"
"1237","2010-05-21","21","5","2","2010","Fri May 21 15:23:18 GMT+01:00 2010"
"1238","2010-05-22","22","5","2","2010","Sat May 22 12:58:45 GMT+01:00 2010"
"1239","2010-05-23","23","5","2","2010","Sun May 23 01:58:07 GMT+01:00 2010"
"1240","2010-05-24","24","5","2","2010","Mon May 24 00:24:28 GMT+01:00 2010"
"1241","2010-05-25","25","5","2","2010","Tue May 25 00:10:26 GMT+01:00 2010"
"1242","2010-05-26","26","5","2","2010","Wed May 26 15:22:18 GMT+01:00 2010"
"1243","2010-05-27","27","5","2","2010","Thu May 27 10:28:37 GMT+01:00 2010"
"1244","2010-05-28","28","5","2","2010","Fri May 28 03:24:37 GMT+01:00 2010"
"1245","2010-05-29","29","5","2","2010","Sat May 29 15:29:25 GMT+01:00 2010"
"1246","2010-05-30","30","5","2","2010","Sun May 30 11:18:46 GMT+01:00 2010"
"1247","2010-05-31","31","5","2","2010","Mon May 31 12:41:12 GMT+01:00 2010"
"1248","2010-06-01","1","6","2","2010","Tue Jun 01 13:25:14 GMT+01:00 2010"
"1249","2010-06-02","2","6","2","2010","Wed Jun 02 06:20:02 GMT+01:00 2010"
"1250","2010-06-03","3","6","2","2010","Thu Jun 03 08:51:21 GMT+01:00 2010"
"1251","2010-06-04","4","6","2","2010","Fri Jun 04 16:10:45 GMT+01:00 2010"
"1252","2010-06-05","5","6","2","2010","Sat Jun 05 02:19:44 GMT+01:00 2010"
"1253","2010-06-06","6","6","2","2010","Sun Jun 06 05:01:28 GMT+01:00 2010"
"1254","2010-06-07","7","6","2","2010","Mon Jun 07 08:02:46 GMT+01:00 2010"
"1255","2010-06-08","8","6","2","2010","Tue Jun 08 10:31:31 GMT+01:00 2010"
"1256","2010-06-09","9","6","2","2010","Wed Jun 09 19:04:53 GMT+01:00 2010"
"1257","2010-06-10","10","6","2","2010","Thu Jun 10 22:08:59 GMT+01:00 2010"
"1258","2010-06-11","11","6","2","2010","Fri Jun 11 19:44:20 GMT+01:00 2010"
"1259","2010-06-12","12","6","2","2010","Sat Jun 12 12:00:20 GMT+01:00 2010"
"1260","2010-06-13","13","6","2","2010","Sun Jun 13 02:52:54 GMT+01:00 2010"
"1261","2010-06-14","14","6","2","2010","Mon Jun 14 15:50:29 GMT+01:00 2010"
"1262","2010-06-15","15","6","2","2010","Tue Jun 15 13:59:17 GMT+01:00 2010"
"1263","2010-06-16","16","6","2","2010","Wed Jun 16 06:29:15 GMT+01:00 2010"
"1264","2010-06-17","17","6","2","2010","Thu Jun 17 09:37:49 GMT+01:00 2010"
"1265","2010-06-18","18","6","2","2010","Fri Jun 18 03:42:36 GMT+01:00 2010"
"1266","2010-06-19","19","6","2","2010","Sat Jun 19 19:41:02 GMT+01:00 2010"
"1267","2010-06-20","20","6","2","2010","Sun Jun 20 14:40:00 GMT+01:00 2010"
"1268","2010-06-21","21","6","2","2010","Mon Jun 21 20:40:42 GMT+01:00 2010"
"1269","2010-06-22","22","6","2","2010","Tue Jun 22 22:30:24 GMT+01:00 2010"
"1270","2010-06-23","23","6","2","2010","Wed Jun 23 07:53:31 GMT+01:00 2010"
"1271","2010-06-24","24","6","2","2010","Thu Jun 24 10:18:20 GMT+01:00 2010"
"1272","2010-06-25","25","6","2","2010","Fri Jun 25 22:50:52 GMT+01:00 2010"
"1273","2010-06-26","26","6","2","2010","Sat Jun 26 22:44:38 GMT+01:00 2010"
"1274","2010-06-27","27","6","2","2010","Sun Jun 27 23:52:28 GMT+01:00 2010"
"1275","2010-06-28","28","6","2","2010","Mon Jun 28 14:16:02 GMT+01:00 2010"
"1276","2010-06-29","29","6","2","2010","Tue Jun 29 14:16:20 GMT+01:00 2010"
"1277","2010-06-30","30","6","2","2010","Wed Jun 30 10:27:59 GMT+01:00 2010"
"1278","2010-07-01","1","7","3","2010","Thu Jul 01 09:58:00 GMT+01:00 2010"
"1279","2010-07-02","2","7","3","2010","Fri Jul 02 07:26:39 GMT+01:00 2010"
"1280","2010-07-03","3","7","3","2010","Sat Jul 03 18:01:57 GMT+01:00 2010"
"1281","2010-07-04","4","7","3","2010","Sun Jul 04 16:13:42 GMT+01:00 2010"
"1282","2010-07-05","5","7","3","2010","Mon Jul 05 15:18:46 GMT+01:00 2010"
"1283","2010-07-06","6","7","3","2010","Tue Jul 06 10:07:19 GMT+01:00 2010"
"1284","2010-07-07","7","7","3","2010","Wed Jul 07 13:47:42 GMT+01:00 2010"
"1285","2010-07-08","8","7","3","2010","Thu Jul 08 14:13:04 GMT+01:00 2010"
"1286","2010-07-09","9","7","3","2010","Fri Jul 09 02:58:19 GMT+01:00 2010"
"1287","2010-07-10","10","7","3","2010","Sat Jul 10 13:27:30 GMT+01:00 2010"
"1288","2010-07-11","11","7","3","2010","Sun Jul 11 16:22:39 GMT+01:00 2010"
"1289","2010-07-12","12","7","3","2010","Mon Jul 12 00:08:05 GMT+01:00 2010"
"1290","2010-07-13","13","7","3","2010","Tue Jul 13 11:08:49 GMT+01:00 2010"
"1291","2010-07-14","14","7","3","2010","Wed Jul 14 04:02:54 GMT+01:00 2010"
"1292","2010-07-15","15","7","3","2010","Thu Jul 15 02:28:48 GMT+01:00 2010"
"1293","2010-07-16","16","7","3","2010","Fri Jul 16 11:11:37 GMT+01:00 2010"
"1294","2010-07-17","17","7","3","2010","Sat Jul 17 08:17:58 GMT+01:00 2010"
"1295","2010-07-18","18","7","3","2010","Sun Jul 18 20:07:25 GMT+01:00 2010"
"1296","2010-07-19","19","7","3","2010","Mon Jul 19 06:08:59 GMT+01:00 2010"
"1297","2010-07-20","20","7","3","2010","Tue Jul 20 13:42:58 GMT+01:00 2010"
"1298","2010-07-21","21","7","3","2010","Wed Jul 21 18:16:50 GMT+01:00 2010"
"1299","2010-07-22","22","7","3","2010","Thu Jul 22 02:42:22 GMT+01:00 2010"
"1300","2010-07-23","23","7","3","2010","Fri Jul 23 15:51:19 GMT+01:00 2010"
"1301","2010-07-24","24","7","3","2010","Sat Jul 24 02:06:29 GMT+01:00 2010"
"1302","2010-07-25","25","7","3","2010","Sun Jul 25 08:52:37 GMT+01:00 2010"
"1303","2010-07-26","26","7","3","2010","Mon Jul 26 11:42:05 GMT+01:00 2010"
"1304","2010-07-27","27","7","3","2010","Tue Jul 27 01:12:43 GMT+01:00 2010"
"1305","2010-07-28","28","7","3","2010","Wed Jul 28 12:17:16 GMT+01:00 2010"
"1306","2010-07-29","29","7","3","2010","Thu Jul 29 07:20:53 GMT+01:00 2010"
"1307","2010-07-30","30","7","3","2010","Fri Jul 30 04:22:10 GMT+01:00 2010"
"1308","2010-07-31","31","7","3","2010","Sat Jul 31 04:51:26 GMT+01:00 2010"
"1309","2010-08-01","1","8","3","2010","Sun Aug 01 05:19:46 GMT+01:00 2010"
"1310","2010-08-02","2","8","3","2010","Mon Aug 02 11:55:44 GMT+01:00 2010"
"1311","2010-08-03","3","8","3","2010","Tue Aug 03 00:56:08 GMT+01:00 2010"
"1312","2010-08-04","4","8","3","2010","Wed Aug 04 10:56:42 GMT+01:00 2010"
"1313","2010-08-05","5","8","3","2010","Thu Aug 05 13:05:42 GMT+01:00 2010"
"1314","2010-08-06","6","8","3","2010","Fri Aug 06 16:18:39 GMT+01:00 2010"
"1315","2010-08-07","7","8","3","2010","Sat Aug 07 23:04:32 GMT+01:00 2010"
"1316","2010-08-08","8","8","3","2010","Sun Aug 08 18:05:51 GMT+01:00 2010"
"1317","2010-08-09","9","8","3","2010","Mon Aug 09 03:25:39 GMT+01:00 2010"
"1318","2010-08-10","10","8","3","2010","Tue Aug 10 18:10:02 GMT+01:00 2010"
"1319","2010-08-11","11","8","3","2010","Wed Aug 11 03:17:41 GMT+01:00 2010"
"1320","2010-08-12","12","8","3","2010","Thu Aug 12 06:42:54 GMT+01:00 2010"
"1321","2010-08-13","13","8","3","2010","Fri Aug 13 04:03:14 GMT+01:00 2010"
"1322","2010-08-14","14","8","3","2010","Sat Aug 14 20:01:39 GMT+01:00 2010"
"1323","2010-08-15","15","8","3","2010","Sun Aug 15 08:43:13 GMT+01:00 2010"
"1324","2010-08-16","16","8","3","2010","Mon Aug 16 15:01:04 GMT+01:00 2010"
"1325","2010-08-17","17","8","3","2010","Tue Aug 17 06:03:52 GMT+01:00 2010"
"1326","2010-08-18","18","8","3","2010","Wed Aug 18 10:21:49 GMT+01:00 2010"
"1327","2010-08-19","19","8","3","2010","Thu Aug 19 18:28:40 GMT+01:00 2010"
"1328","2010-08-20","20","8","3","2010","Fri Aug 20 17:31:41 GMT+01:00 2010"
"1329","2010-08-21","21","8","3","2010","Sat Aug 21 07:20:37 GMT+01:00 2010"
"1330","2010-08-22","22","8","3","2010","Sun Aug 22 00:08:05 GMT+01:00 2010"
"1331","2010-08-23","23","8","3","2010","Mon Aug 23 15:50:05 GMT+01:00 2010"
"1332","2010-08-24","24","8","3","2010","Tue Aug 24 06:36:38 GMT+01:00 2010"
"1333","2010-08-25","25","8","3","2010","Wed Aug 25 18:29:36 GMT+01:00 2010"
"1334","2010-08-26","26","8","3","2010","Thu Aug 26 17:38:40 GMT+01:00 2010"
"1335","2010-08-27","27","8","3","2010","Fri Aug 27 19:56:24 GMT+01:00 2010"
"1336","2010-08-28","28","8","3","2010","Sat Aug 28 19:00:26 GMT+01:00 2010"
"1337","2010-08-29","29","8","3","2010","Sun Aug 29 11:19:03 GMT+01:00 2010"
"1338","2010-08-30","30","8","3","2010","Mon Aug 30 01:48:21 GMT+01:00 2010"
"1339","2010-08-31","31","8","3","2010","Tue Aug 31 03:14:16 GMT+01:00 2010"
"1340","2010-09-01","1","9","3","2010","Wed Sep 01 18:33:19 GMT+01:00 2010"
"1341","2010-09-02","2","9","3","2010","Thu Sep 02 23:09:54 GMT+01:00 2010"
"1342","2010-09-03","3","9","3","2010","Fri Sep 03 10:16:51 GMT+01:00 2010"
"1343","2010-09-04","4","9","3","2010","Sat Sep 04 03:28:26 GMT+01:00 2010"
"1344","2010-09-05","5","9","3","2010","Sun Sep 05 05:48:20 GMT+01:00 2010"
"1345","2010-09-06","6","9","3","2010","Mon Sep 06 23:19:22 GMT+01:00 2010"
"1346","2010-09-07","7","9","3","2010","Tue Sep 07 14:02:37 GMT+01:00 2010"
"1347","2010-09-08","8","9","3","2010","Wed Sep 08 12:47:45 GMT+01:00 2010"
"1348","2010-09-09","9","9","3","2010","Thu Sep 09 20:07:05 GMT+01:00 2010"
"1349","2010-09-10","10","9","3","2010","Fri Sep 10 00:46:21 GMT+01:00 2010"
"1350","2010-09-11","11","9","3","2010","Sat Sep 11 23:05:17 GMT+01:00 2010"
"1351","2010-09-12","12","9","3","2010","Sun Sep 12 08:04:16 GMT+01:00 2010"
"1352","2010-09-13","13","9","3","2010","Mon Sep 13 19:32:10 GMT+01:00 2010"
"1353","2010-09-14","14","9","3","2010","Tue Sep 14 06:12:02 GMT+01:00 2010"
"1354","2010-09-15","15","9","3","2010","Wed Sep 15 07:13:29 GMT+01:00 2010"
"1355","2010-09-16","16","9","3","2010","Thu Sep 16 09:20:07 GMT+01:00 2010"
"1356","2010-09-17","17","9","3","2010","Fri Sep 17 19:19:21 GMT+01:00 2010"
"1357","2010-09-18","18","9","3","2010","Sat Sep 18 01:01:54 GMT+01:00 2010"
"1358","2010-09-19","19","9","3","2010","Sun Sep 19 10:40:23 GMT+01:00 2010"
"1359","2010-09-20","20","9","3","2010","Mon Sep 20 12:13:26 GMT+01:00 2010"
"1360","2010-09-21","21","9","3","2010","Tue Sep 21 16:50:22 GMT+01:00 2010"
"1361","2010-09-22","22","9","3","2010","Wed Sep 22 06:00:53 GMT+01:00 2010"
"1362","2010-09-23","23","9","3","2010","Thu Sep 23 21:32:03 GMT+01:00 2010"
"1363","2010-09-24","24","9","3","2010","Fri Sep 24 11:47:43 GMT+01:00 2010"
"1364","2010-09-25","25","9","3","2010","Sat Sep 25 00:27:21 GMT+01:00 2010"
"1365","2010-09-26","26","9","3","2010","Sun Sep 26 05:30:54 GMT+01:00 2010"
"1366","2010-09-27","27","9","3","2010","Mon Sep 27 04:38:43 GMT+01:00 2010"
"1367","2010-09-28","28","9","3","2010","Tue Sep 28 21:14:15 GMT+01:00 2010"
"1368","2010-09-29","29","9","3","2010","Wed Sep 29 10:35:08 GMT+01:00 2010"
"1369","2010-09-30","30","9","3","2010","Thu Sep 30 23:18:15 GMT+01:00 2010"
"1370","2010-10-01","1","10","4","2010","Fri Oct 01 15:01:50 GMT+01:00 2010"
"1371","2010-10-02","2","10","4","2010","Sat Oct 02 18:37:45 GMT+01:00 2010"
"1372","2010-10-03","3","10","4","2010","Sun Oct 03 01:46:23 GMT+01:00 2010"
"1373","2010-10-04","4","10","4","2010","Mon Oct 04 00:54:59 GMT+01:00 2010"
"1374","2010-10-05","5","10","4","2010","Tue Oct 05 19:53:17 GMT+01:00 2010"
"1375","2010-10-06","6","10","4","2010","Wed Oct 06 18:59:21 GMT+01:00 2010"
"1376","2010-10-07","7","10","4","2010","Thu Oct 07 19:37:14 GMT+01:00 2010"
"1377","2010-10-08","8","10","4","2010","Fri Oct 08 18:31:10 GMT+01:00 2010"
"1378","2010-10-09","9","10","4","2010","Sat Oct 09 22:26:22 GMT+01:00 2010"
"1379","2010-10-10","10","10","4","2010","Sun Oct 10 05:52:06 GMT+01:00 2010"
"1380","2010-10-11","11","10","4","2010","Mon Oct 11 05:48:14 GMT+01:00 2010"
"1381","2010-10-12","12","10","4","2010","Tue Oct 12 03:23:54 GMT+01:00 2010"
"1382","2010-10-13","13","10","4","2010","Wed Oct 13 07:25:09 GMT+01:00 2010"
"1383","2010-10-14","14","10","4","2010","Thu Oct 14 15:57:53 GMT+01:00 2010"
"1384","2010-10-15","15","10","4","2010","Fri Oct 15 23:01:08 GMT+01:00 2010"
"1385","2010-10-16","16","10","4","2010","Sat Oct 16 16:59:56 GMT+01:00 2010"
"1386","2010-10-17","17","10","4","2010","Sun Oct 17 17:53:25 GMT+01:00 2010"
"1387","2010-10-18","18","10","4","2010","Mon Oct 18 09:26:39 GMT+01:00 2010"
"1388","2010-10-19","19","10","4","2010","Tue Oct 19 23:48:35 GMT+01:00 2010"
"1389","2010-10-20","20","10","4","2010","Wed Oct 20 13:03:30 GMT+01:00 2010"
"1390","2010-10-21","21","10","4","2010","Thu Oct 21 23:25:21 GMT+01:00 2010"
"1391","2010-10-22","22","10","4","2010","Fri Oct 22 09:27:45 GMT+01:00 2010"
"1392","2010-10-23","23","10","4","2010","Sat Oct 23 15:31:52 GMT+01:00 2010"
"1393","2010-10-24","24","10","4","2010","Sun Oct 24 07:59:16 GMT+01:00 2010"
"1394","2010-10-25","25","10","4","2010","Mon Oct 25 00:47:25 GMT+01:00 2010"
"1395","2010-10-26","26","10","4","2010","Tue Oct 26 17:45:15 GMT+01:00 2010"
"1396","2010-10-27","27","10","4","2010","Wed Oct 27 20:17:33 GMT+01:00 2010"
"1397","2010-10-28","28","10","4","2010","Thu Oct 28 14:02:20 GMT+01:00 2010"
"1398","2010-10-29","29","10","4","2010","Fri Oct 29 09:56:29 GMT+01:00 2010"
"1399","2010-10-30","30","10","4","2010","Sat Oct 30 20:26:57 GMT+01:00 2010"
"1400","2010-10-31","31","10","4","2010","Sun Oct 31 00:11:23 GMT+01:00 2010"
"1401","2010-11-01","1","11","4","2010","Mon Nov 01 00:46:58 GMT+01:00 2010"
"1402","2010-11-02","2","11","4","2010","Tue Nov 02 15:35:21 GMT+01:00 2010"
"1403","2010-11-03","3","11","4","2010","Wed Nov 03 09:44:56 GMT+01:00 2010"
"1404","2010-11-04","4","11","4","2010","Thu Nov 04 20:53:02 GMT+01:00 2010"
"1405","2010-11-05","5","11","4","2010","Fri Nov 05 04:07:25 GMT+01:00 2010"
"1406","2010-11-06","6","11","4","2010","Sat Nov 06 16:14:46 GMT+01:00 2010"
"1407","2010-11-07","7","11","4","2010","Sun Nov 07 19:16:07 GMT+01:00 2010"
"1408","2010-11-08","8","11","4","2010","Mon Nov 08 08:38:32 GMT+01:00 2010"
"1409","2010-11-09","9","11","4","2010","Tue Nov 09 01:21:24 GMT+01:00 2010"
"1410","2010-11-10","10","11","4","2010","Wed Nov 10 21:19:33 GMT+01:00 2010"
"1411","2010-11-11","11","11","4","2010","Thu Nov 11 10:44:17 GMT+01:00 2010"
"1412","2010-11-12","12","11","4","2010","Fri Nov 12 00:00:06 GMT+01:00 2010"
"1413","2010-11-13","13","11","4","2010","Sat Nov 13 00:04:55 GMT+01:00 2010"
"1414","2010-11-14","14","11","4","2010","Sun Nov 14 22:20:14 GMT+01:00 2010"
"1415","2010-11-15","15","11","4","2010","Mon Nov 15 04:46:04 GMT+01:00 2010"
"1416","2010-11-16","16","11","4","2010","Tue Nov 16 13:57:04 GMT+01:00 2010"
"1417","2010-11-17","17","11","4","2010","Wed Nov 17 08:04:10 GMT+01:00 2010"
"1418","2010-11-18","18","11","4","2010","Thu Nov 18 14:58:12 GMT+01:00 2010"
"1419","2010-11-19","19","11","4","2010","Fri Nov 19 14:11:35 GMT+01:00 2010"
"1420","2010-11-20","20","11","4","2010","Sat Nov 20 15:34:54 GMT+01:00 2010"
"1421","2010-11-21","21","11","4","2010","Sun Nov 21 11:18:25 GMT+01:00 2010"
"1422","2010-11-22","22","11","4","2010","Mon Nov 22 14:07:33 GMT+01:00 2010"
"1423","2010-11-23","23","11","4","2010","Tue Nov 23 04:40:34 GMT+01:00 2010"
"1424","2010-11-24","24","11","4","2010","Wed Nov 24 10:50:06 GMT+01:00 2010"
"1425","2010-11-25","25","11","4","2010","Thu Nov 25 05:16:29 GMT+01:00 2010"
"1426","2010-11-26","26","11","4","2010","Fri Nov 26 08:09:07 GMT+01:00 2010"
"1427","2010-11-27","27","11","4","2010","Sat Nov 27 11:06:28 GMT+01:00 2010"
"1428","2010-11-28","28","11","4","2010","Sun Nov 28 11:32:16 GMT+01:00 2010"
"1429","2010-11-29","29","11","4","2010","Mon Nov 29 15:22:21 GMT+01:00 2010"
"1430","2010-11-30","30","11","4","2010","Tue Nov 30 00:55:41 GMT+01:00 2010"
"1431","2010-12-01","1","12","4","2010","Wed Dec 01 11:48:07 GMT+01:00 2010"
"1432","2010-12-02","2","12","4","2010","Thu Dec 02 23:46:14 GMT+01:00 2010"
"1433","2010-12-03","3","12","4","2010","Fri Dec 03 20:25:02 GMT+01:00 2010"
"1434","2010-12-04","4","12","4","2010","Sat Dec 04 10:42:47 GMT+01:00 2010"
"1435","2010-12-05","5","12","4","2010","Sun Dec 05 23:40:37 GMT+01:00 2010"
"1436","2010-12-06","6","12","4","2010","Mon Dec 06 05:24:35 GMT+01:00 2010"
"1437","2010-12-07","7","12","4","2010","Tue Dec 07 01:58:04 GMT+01:00 2010"
"1438","2010-12-08","8","12","4","2010","Wed Dec 08 20:56:25 GMT+01:00 2010"
"1439","2010-12-09","9","12","4","2010","Thu Dec 09 21:48:12 GMT+01:00 2010"
"1440","2010-12-10","10","12","4","2010","Fri Dec 10 09:27:49 GMT+01:00 2010"
"1441","2010-12-11","11","12","4","2010","Sat Dec 11 10:14:39 GMT+01:00 2010"
"1442","2010-12-12","12","12","4","2010","Sun Dec 12 06:06:49 GMT+01:00 2010"
"1443","2010-12-13","13","12","4","2010","Mon Dec 13 04:34:50 GMT+01:00 2010"
"1444","2010-12-14","14","12","4","2010","Tue Dec 14 03:09:21 GMT+01:00 2010"
"1445","2010-12-15","15","12","4","2010","Wed Dec 15 06:08:15 GMT+01:00 2010"
"1446","2010-12-16","16","12","4","2010","Thu Dec 16 04:07:14 GMT+01:00 2010"
"1447","2010-12-17","17","12","4","2010","Fri Dec 17 07:50:34 GMT+01:00 2010"
"1448","2010-12-18","18","12","4","2010","Sat Dec 18 21:58:57 GMT+01:00 2010"
"1449","2010-12-19","19","12","4","2010","Sun Dec 19 11:30:00 GMT+01:00 2010"
"1450","2010-12-20","20","12","4","2010","Mon Dec 20 23:06:13 GMT+01:00 2010"
"1451","2010-12-21","21","12","4","2010","Tue Dec 21 10:00:05 GMT+01:00 2010"
"1452","2010-12-22","22","12","4","2010","Wed Dec 22 04:31:21 GMT+01:00 2010"
"1453","2010-12-23","23","12","4","2010","Thu Dec 23 14:32:44 GMT+01:00 2010"
"1454","2010-12-24","24","12","4","2010","Fri Dec 24 10:57:41 GMT+01:00 2010"
"1455","2010-12-25","25","12","4","2010","Sat Dec 25 21:10:20 GMT+01:00 2010"
"1456","2010-12-26","26","12","4","2010","Sun Dec 26 20:07:03 GMT+01:00 2010"
"1457","2010-12-27","27","12","4","2010","Mon Dec 27 14:58:49 GMT+01:00 2010"
"1458","2010-12-28","28","12","4","2010","Tue Dec 28 18:29:41 GMT+01:00 2010"
"1459","2010-12-29","29","12","4","2010","Wed Dec 29 01:25:26 GMT+01:00 2010"
"1460","2010-12-30","30","12","4","2010","Thu Dec 30 15:01:13 GMT+01:00 2010"
"1461","2010-12-31","31","12","4","2010","Fri Dec 31 22:33:38 GMT+01:00 2010"
"1462","2011-01-01","1","1","1","2011","Sat Jan 01 15:19:21 GMT+01:00 2011"
"1463","2011-01-02","2","1","1","2011","Sun Jan 02 18:53:47 GMT+01:00 2011"
"1464","2011-01-03","3","1","1","2011","Mon Jan 03 00:57:22 GMT+01:00 2011"
"1465","2011-01-04","4","1","1","2011","Tue Jan 04 23:09:12 GMT+01:00 2011"
"1466","2011-01-05","5","1","1","2011","Wed Jan 05 06:59:26 GMT+01:00 2011"
"1467","2011-01-06","6","1","1","2011","Thu Jan 06 01:57:15 GMT+01:00 2011"
"1468","2011-01-07","7","1","1","2011","Fri Jan 07 21:10:50 GMT+01:00 2011"
"1469","2011-01-08","8","1","1","2011","Sat Jan 08 08:12:03 GMT+01:00 2011"
"1470","2011-01-09","9","1","1","2011","Sun Jan 09 09:26:59 GMT+01:00 2011"
"1471","2011-01-10","10","1","1","2011","Mon Jan 10 20:58:59 GMT+01:00 2011"
"1472","2011-01-11","11","1","1","2011","Tue Jan 11 10:53:16 GMT+01:00 2011"
"1473","2011-01-12","12","1","1","2011","Wed Jan 12 16:51:34 GMT+01:00 2011"
"1474","2011-01-13","13","1","1","2011","Thu Jan 13 20:02:22 GMT+01:00 2011"
"1475","2011-01-14","14","1","1","2011","Fri Jan 14 17:06:44 GMT+01:00 2011"
"1476","2011-01-15","15","1","1","2011","Sat Jan 15 19:50:22 GMT+01:00 2011"
"1477","2011-01-16","16","1","1","2011","Sun Jan 16 02:56:21 GMT+01:00 2011"
"1478","2011-01-17","17","1","1","2011","Mon Jan 17 20:01:21 GMT+01:00 2011"
"1479","2011-01-18","18","1","1","2011","Tue Jan 18 08:35:53 GMT+01:00 2011"
"1480","2011-01-19","19","1","1","2011","Wed Jan 19 00:59:38 GMT+01:00 2011"
"1481","2011-01-20","20","1","1","2011","Thu Jan 20 23:08:26 GMT+01:00 2011"
"1482","2011-01-21","21","1","1","2011","Fri Jan 21 22:30:14 GMT+01:00 2011"
"1483","2011-01-22","22","1","1","2011","Sat Jan 22 04:43:57 GMT+01:00 2011"
"1484","2011-01-23","23","1","1","2011","Sun Jan 23 10:38:03 GMT+01:00 2011"
"1485","2011-01-24","24","1","1","2011","Mon Jan 24 08:07:13 GMT+01:00 2011"
"1486","2011-01-25","25","1","1","2011","Tue Jan 25 07:36:58 GMT+01:00 2011"
"1487","2011-01-26","26","1","1","2011","Wed Jan 26 23:11:03 GMT+01:00 2011"
"1488","2011-01-27","27","1","1","2011","Thu Jan 27 01:45:33 GMT+01:00 2011"
"1489","2011-01-28","28","1","1","2011","Fri Jan 28 14:18:30 GMT+01:00 2011"
"1490","2011-01-29","29","1","1","2011","Sat Jan 29 13:30:40 GMT+01:00 2011"
"1491","2011-01-30","30","1","1","2011","Sun Jan 30 22:52:55 GMT+01:00 2011"
"1492","2011-01-31","31","1","1","2011","Mon Jan 31 12:08:17 GMT+01:00 2011"
"1493","2011-02-01","1","2","1","2011","Tue Feb 01 01:19:31 GMT+01:00 2011"
"1494","2011-02-02","2","2","1","2011","Wed Feb 02 05:16:42 GMT+01:00 2011"
"1495","2011-02-03","3","2","1","2011","Thu Feb 03 21:18:54 GMT+01:00 2011"
"1496","2011-02-04","4","2","1","2011","Fri Feb 04 06:35:54 GMT+01:00 2011"
"1497","2011-02-05","5","2","1","2011","Sat Feb 05 09:39:01 GMT+01:00 2011"
"1498","2011-02-06","6","2","1","2011","Sun Feb 06 01:40:05 GMT+01:00 2011"
"1499","2011-02-07","7","2","1","2011","Mon Feb 07 20:20:39 GMT+01:00 2011"
"1500","2011-02-08","8","2","1","2011","Tue Feb 08 01:13:38 GMT+01:00 2011"
"1501","2011-02-09","9","2","1","2011","Wed Feb 09 20:46:18 GMT+01:00 2011"
"1502","2011-02-10","10","2","1","2011","Thu Feb 10 18:06:54 GMT+01:00 2011"
"1503","2011-02-11","11","2","1","2011","Fri Feb 11 14:56:19 GMT+01:00 2011"
"1504","2011-02-12","12","2","1","2011","Sat Feb 12 14:55:45 GMT+01:00 2011"
"1505","2011-02-13","13","2","1","2011","Sun Feb 13 17:42:16 GMT+01:00 2011"
"1506","2011-02-14","14","2","1","2011","Mon Feb 14 10:39:43 GMT+01:00 2011"
"1507","2011-02-15","15","2","1","2011","Tue Feb 15 20:08:09 GMT+01:00 2011"
"1508","2011-02-16","16","2","1","2011","Wed Feb 16 21:01:08 GMT+01:00 2011"
"1509","2011-02-17","17","2","1","2011","Thu Feb 17 00:58:41 GMT+01:00 2011"
"1510","2011-02-18","18","2","1","2011","Fri Feb 18 01:14:57 GMT+01:00 2011"
"1511","2011-02-19","19","2","1","2011","Sat Feb 19 09:12:24 GMT+01:00 2011"
"1512","2011-02-20","20","2","1","2011","Sun Feb 20 20:52:25 GMT+01:00 2011"
"1513","2011-02-21","21","2","1","2011","Mon Feb 21 08:06:50 GMT+01:00 2011"
"1514","2011-02-22","22","2","1","2011","Tue Feb 22 11:01:11 GMT+01:00 2011"
"1515","2011-02-23","23","2","1","2011","Wed Feb 23 20:26:50 GMT+01:00 2011"
"1516","2011-02-24","24","2","1","2011","Thu Feb 24 19:53:57 GMT+01:00 2011"
"1517","2011-02-25","25","2","1","2011","Fri Feb 25 21:02:03 GMT+01:00 2011"
"1518","2011-02-26","26","2","1","2011","Sat Feb 26 07:01:44 GMT+01:00 2011"
"1519","2011-02-27","27","2","1","2011","Sun Feb 27 01:29:05 GMT+01:00 2011"
"1520","2011-02-28","28","2","1","2011","Mon Feb 28 22:42:44 GMT+01:00 2011"
"1521","2011-03-01","1","3","1","2011","Tue Mar 01 08:16:49 GMT+01:00 2011"
"1522","2011-03-02","2","3","1","2011","Wed Mar 02 00:33:50 GMT+01:00 2011"
"1523","2011-03-03","3","3","1","2011","Thu Mar 03 05:31:53 GMT+01:00 2011"
"1524","2011-03-04","4","3","1","2011","Fri Mar 04 09:07:31 GMT+01:00 2011"
"1525","2011-03-05","5","3","1","2011","Sat Mar 05 09:47:16 GMT+01:00 2011"
"1526","2011-03-06","6","3","1","2011","Sun Mar 06 11:20:08 GMT+01:00 2011"
"1527","2011-03-07","7","3","1","2011","Mon Mar 07 08:17:29 GMT+01:00 2011"
"1528","2011-03-08","8","3","1","2011","Tue Mar 08 00:21:11 GMT+01:00 2011"
"1529","2011-03-09","9","3","1","2011","Wed Mar 09 07:16:02 GMT+01:00 2011"
"1530","2011-03-10","10","3","1","2011","Thu Mar 10 16:59:59 GMT+01:00 2011"
"1531","2011-03-11","11","3","1","2011","Fri Mar 11 08:46:20 GMT+01:00 2011"
"1532","2011-03-12","12","3","1","2011","Sat Mar 12 15:49:53 GMT+01:00 2011"
"1533","2011-03-13","13","3","1","2011","Sun Mar 13 23:02:40 GMT+01:00 2011"
"1534","2011-03-14","14","3","1","2011","Mon Mar 14 05:18:13 GMT+01:00 2011"
"1535","2011-03-15","15","3","1","2011","Tue Mar 15 06:26:29 GMT+01:00 2011"
"1536","2011-03-16","16","3","1","2011","Wed Mar 16 06:04:06 GMT+01:00 2011"
"1537","2011-03-17","17","3","1","2011","Thu Mar 17 20:08:59 GMT+01:00 2011"
"1538","2011-03-18","18","3","1","2011","Fri Mar 18 15:29:39 GMT+01:00 2011"
"1539","2011-03-19","19","3","1","2011","Sat Mar 19 08:32:14 GMT+01:00 2011"
"1540","2011-03-20","20","3","1","2011","Sun Mar 20 12:01:29 GMT+01:00 2011"
"1541","2011-03-21","21","3","1","2011","Mon Mar 21 19:40:14 GMT+01:00 2011"
"1542","2011-03-22","22","3","1","2011","Tue Mar 22 09:09:43 GMT+01:00 2011"
"1543","2011-03-23","23","3","1","2011","Wed Mar 23 06:52:43 GMT+01:00 2011"
"1544","2011-03-24","24","3","1","2011","Thu Mar 24 11:08:38 GMT+01:00 2011"
"1545","2011-03-25","25","3","1","2011","Fri Mar 25 22:28:02 GMT+01:00 2011"
"1546","2011-03-26","26","3","1","2011","Sat Mar 26 21:49:37 GMT+01:00 2011"
"1547","2011-03-27","27","3","1","2011","Sun Mar 27 04:18:02 GMT+01:00 2011"
"1548","2011-03-28","28","3","1","2011","Mon Mar 28 09:14:26 GMT+01:00 2011"
"1549","2011-03-29","29","3","1","2011","Tue Mar 29 06:03:07 GMT+01:00 2011"
"1550","2011-03-30","30","3","1","2011","Wed Mar 30 16:34:15 GMT+01:00 2011"
"1551","2011-03-31","31","3","1","2011","Thu Mar 31 06:52:06 GMT+01:00 2011"
"1552","2011-04-01","1","4","2","2011","Fri Apr 01 23:12:41 GMT+01:00 2011"
"1553","2011-04-02","2","4","2","2011","Sat Apr 02 01:40:25 GMT+01:00 2011"
"1554","2011-04-03","3","4","2","2011","Sun Apr 03 13:48:42 GMT+01:00 2011"
"1555","2011-04-04","4","4","2","2011","Mon Apr 04 09:26:57 GMT+01:00 2011"
"1556","2011-04-05","5","4","2","2011","Tue Apr 05 12:57:19 GMT+01:00 2011"
"1557","2011-04-06","6","4","2","2011","Wed Apr 06 00:23:06 GMT+01:00 2011"
"1558","2011-04-07","7","4","2","2011","Thu Apr 07 00:23:42 GMT+01:00 2011"
"1559","2011-04-08","8","4","2","2011","Fri Apr 08 08:27:31 GMT+01:00 2011"
"1560","2011-04-09","9","4","2","2011","Sat Apr 09 04:55:49 GMT+01:00 2011"
"1561","2011-04-10","10","4","2","2011","Sun Apr 10 05:24:59 GMT+01:00 2011"
"1562","2011-04-11","11","4","2","2011","Mon Apr 11 04:45:29 GMT+01:00 2011"
"1563","2011-04-12","12","4","2","2011","Tue Apr 12 09:46:42 GMT+01:00 2011"
"1564","2011-04-13","13","4","2","2011","Wed Apr 13 20:06:15 GMT+01:00 2011"
"1565","2011-04-14","14","4","2","2011","Thu Apr 14 09:20:05 GMT+01:00 2011"
"1566","2011-04-15","15","4","2","2011","Fri Apr 15 18:18:48 GMT+01:00 2011"
"1567","2011-04-16","16","4","2","2011","Sat Apr 16 08:23:31 GMT+01:00 2011"
"1568","2011-04-17","17","4","2","2011","Sun Apr 17 22:05:12 GMT+01:00 2011"
"1569","2011-04-18","18","4","2","2011","Mon Apr 18 10:43:35 GMT+01:00 2011"
"1570","2011-04-19","19","4","2","2011","Tue Apr 19 20:51:18 GMT+01:00 2011"
"1571","2011-04-20","20","4","2","2011","Wed Apr 20 09:15:50 GMT+01:00 2011"
"1572","2011-04-21","21","4","2","2011","Thu Apr 21 12:05:35 GMT+01:00 2011"
"1573","2011-04-22","22","4","2","2011","Fri Apr 22 01:02:49 GMT+01:00 2011"
"1574","2011-04-23","23","4","2","2011","Sat Apr 23 14:37:14 GMT+01:00 2011"
"1575","2011-04-24","24","4","2","2011","Sun Apr 24 17:04:17 GMT+01:00 2011"
"1576","2011-04-25","25","4","2","2011","Mon Apr 25 19:44:44 GMT+01:00 2011"
"1577","2011-04-26","26","4","2","2011","Tue Apr 26 11:51:34 GMT+01:00 2011"
"1578","2011-04-27","27","4","2","2011","Wed Apr 27 15:52:04 GMT+01:00 2011"
"1579","2011-04-28","28","4","2","2011","Thu Apr 28 17:24:46 GMT+01:00 2011"
"1580","2011-04-29","29","4","2","2011","Fri Apr 29 02:08:10 GMT+01:00 2011"
"1581","2011-04-30","30","4","2","2011","Sat Apr 30 14:30:45 GMT+01:00 2011"
"1582","2011-05-01","1","5","2","2011","Sun May 01 20:04:37 GMT+01:00 2011"
"1583","2011-05-02","2","5","2","2011","Mon May 02 07:08:38 GMT+01:00 2011"
"1584","2011-05-03","3","5","2","2011","Tue May 03 14:58:29 GMT+01:00 2011"
"1585","2011-05-04","4","5","2","2011","Wed May 04 03:21:43 GMT+01:00 2011"
"1586","2011-05-05","5","5","2","2011","Thu May 05 04:02:27 GMT+01:00 2011"
"1587","2011-05-06","6","5","2","2011","Fri May 06 00:17:47 GMT+01:00 2011"
"1588","2011-05-07","7","5","2","2011","Sat May 07 22:47:13 GMT+01:00 2011"
"1589","2011-05-08","8","5","2","2011","Sun May 08 01:27:46 GMT+01:00 2011"
"1590","2011-05-09","9","5","2","2011","Mon May 09 10:11:45 GMT+01:00 2011"
"1591","2011-05-10","10","5","2","2011","Tue May 10 23:18:00 GMT+01:00 2011"
"1592","2011-05-11","11","5","2","2011","Wed May 11 17:21:55 GMT+01:00 2011"
"1593","2011-05-12","12","5","2","2011","Thu May 12 05:18:12 GMT+01:00 2011"
"1594","2011-05-13","13","5","2","2011","Fri May 13 14:43:26 GMT+01:00 2011"
"1595","2011-05-14","14","5","2","2011","Sat May 14 04:29:12 GMT+01:00 2011"
"1596","2011-05-15","15","5","2","2011","Sun May 15 04:47:36 GMT+01:00 2011"
"1597","2011-05-16","16","5","2","2011","Mon May 16 07:49:30 GMT+01:00 2011"
"1598","2011-05-17","17","5","2","2011","Tue May 17 13:43:47 GMT+01:00 2011"
"1599","2011-05-18","18","5","2","2011","Wed May 18 19:30:38 GMT+01:00 2011"
"1600","2011-05-19","19","5","2","2011","Thu May 19 10:17:45 GMT+01:00 2011"
"1601","2011-05-20","20","5","2","2011","Fri May 20 04:16:48 GMT+01:00 2011"
"1602","2011-05-21","21","5","2","2011","Sat May 21 00:30:08 GMT+01:00 2011"
"1603","2011-05-22","22","5","2","2011","Sun May 22 03:42:45 GMT+01:00 2011"
"1604","2011-05-23","23","5","2","2011","Mon May 23 19:57:06 GMT+01:00 2011"
"1605","2011-05-24","24","5","2","2011","Tue May 24 19:03:14 GMT+01:00 2011"
"1606","2011-05-25","25","5","2","2011","Wed May 25 02:57:56 GMT+01:00 2011"
"1607","2011-05-26","26","5","2","2011","Thu May 26 12:49:35 GMT+01:00 2011"
"1608","2011-05-27","27","5","2","2011","Fri May 27 22:32:02 GMT+01:00 2011"
"1609","2011-05-28","28","5","2","2011","Sat May 28 14:00:50 GMT+01:00 2011"
"1610","2011-05-29","29","5","2","2011","Sun May 29 15:03:32 GMT+01:00 2011"
"1611","2011-05-30","30","5","2","2011","Mon May 30 12:31:55 GMT+01:00 2011"
"1612","2011-05-31","31","5","2","2011","Tue May 31 15:51:50 GMT+01:00 2011"
"1613","2011-06-01","1","6","2","2011","Wed Jun 01 19:11:41 GMT+01:00 2011"
"1614","2011-06-02","2","6","2","2011","Thu Jun 02 05:14:32 GMT+01:00 2011"
"1615","2011-06-03","3","6","2","2011","Fri Jun 03 15:24:17 GMT+01:00 2011"
"1616","2011-06-04","4","6","2","2011","Sat Jun 04 07:20:49 GMT+01:00 2011"
"1617","2011-06-05","5","6","2","2011","Sun Jun 05 07:20:14 GMT+01:00 2011"
"1618","2011-06-06","6","6","2","2011","Mon Jun 06 09:49:22 GMT+01:00 2011"
"1619","2011-06-07","7","6","2","2011","Tue Jun 07 09:26:12 GMT+01:00 2011"
"1620","2011-06-08","8","6","2","2011","Wed Jun 08 03:44:06 GMT+01:00 2011"
"1621","2011-06-09","9","6","2","2011","Thu Jun 09 00:24:56 GMT+01:00 2011"
"1622","2011-06-10","10","6","2","2011","Fri Jun 10 06:37:08 GMT+01:00 2011"
"1623","2011-06-11","11","6","2","2011","Sat Jun 11 06:39:20 GMT+01:00 2011"
"1624","2011-06-12","12","6","2","2011","Sun Jun 12 19:52:49 GMT+01:00 2011"
"1625","2011-06-13","13","6","2","2011","Mon Jun 13 10:04:05 GMT+01:00 2011"
"1626","2011-06-14","14","6","2","2011","Tue Jun 14 19:40:19 GMT+01:00 2011"
"1627","2011-06-15","15","6","2","2011","Wed Jun 15 15:28:43 GMT+01:00 2011"
"1628","2011-06-16","16","6","2","2011","Thu Jun 16 09:48:40 GMT+01:00 2011"
"1629","2011-06-17","17","6","2","2011","Fri Jun 17 11:31:01 GMT+01:00 2011"
"1630","2011-06-18","18","6","2","2011","Sat Jun 18 14:16:56 GMT+01:00 2011"
"1631","2011-06-19","19","6","2","2011","Sun Jun 19 00:00:01 GMT+01:00 2011"
"1632","2011-06-20","20","6","2","2011","Mon Jun 20 18:19:34 GMT+01:00 2011"
"1633","2011-06-21","21","6","2","2011","Tue Jun 21 06:24:04 GMT+01:00 2011"
"1634","2011-06-22","22","6","2","2011","Wed Jun 22 20:44:41 GMT+01:00 2011"
"1635","2011-06-23","23","6","2","2011","Thu Jun 23 18:24:38 GMT+01:00 2011"
"1636","2011-06-24","24","6","2","2011","Fri Jun 24 04:29:30 GMT+01:00 2011"
"1637","2011-06-25","25","6","2","2011","Sat Jun 25 12:11:31 GMT+01:00 2011"
"1638","2011-06-26","26","6","2","2011","Sun Jun 26 20:01:25 GMT+01:00 2011"
"1639","2011-06-27","27","6","2","2011","Mon Jun 27 19:24:23 GMT+01:00 2011"
"1640","2011-06-28","28","6","2","2011","Tue Jun 28 02:16:32 GMT+01:00 2011"
"1641","2011-06-29","29","6","2","2011","Wed Jun 29 16:07:17 GMT+01:00 2011"
"1642","2011-06-30","30","6","2","2011","Thu Jun 30 15:00:52 GMT+01:00 2011"
"1643","2011-07-01","1","7","3","2011","Fri Jul 01 08:03:23 GMT+01:00 2011"
"1644","2011-07-02","2","7","3","2011","Sat Jul 02 22:13:15 GMT+01:00 2011"
"1645","2011-07-03","3","7","3","2011","Sun Jul 03 13:43:09 GMT+01:00 2011"
"1646","2011-07-04","4","7","3","2011","Mon Jul 04 05:35:54 GMT+01:00 2011"
"1647","2011-07-05","5","7","3","2011","Tue Jul 05 03:16:06 GMT+01:00 2011"
"1648","2011-07-06","6","7","3","2011","Wed Jul 06 17:16:51 GMT+01:00 2011"
"1649","2011-07-07","7","7","3","2011","Thu Jul 07 15:39:53 GMT+01:00 2011"
"1650","2011-07-08","8","7","3","2011","Fri Jul 08 14:58:58 GMT+01:00 2011"
"1651","2011-07-09","9","7","3","2011","Sat Jul 09 10:37:30 GMT+01:00 2011"
"1652","2011-07-10","10","7","3","2011","Sun Jul 10 04:58:30 GMT+01:00 2011"
"1653","2011-07-11","11","7","3","2011","Mon Jul 11 04:34:59 GMT+01:00 2011"
"1654","2011-07-12","12","7","3","2011","Tue Jul 12 06:51:01 GMT+01:00 2011"
"1655","2011-07-13","13","7","3","2011","Wed Jul 13 03:13:42 GMT+01:00 2011"
"1656","2011-07-14","14","7","3","2011","Thu Jul 14 11:23:44 GMT+01:00 2011"
"1657","2011-07-15","15","7","3","2011","Fri Jul 15 15:41:16 GMT+01:00 2011"
"1658","2011-07-16","16","7","3","2011","Sat Jul 16 17:29:01 GMT+01:00 2011"
"1659","2011-07-17","17","7","3","2011","Sun Jul 17 12:59:08 GMT+01:00 2011"
"1660","2011-07-18","18","7","3","2011","Mon Jul 18 05:03:07 GMT+01:00 2011"
"1661","2011-07-19","19","7","3","2011","Tue Jul 19 09:05:29 GMT+01:00 2011"
"1662","2011-07-20","20","7","3","2011","Wed Jul 20 07:16:16 GMT+01:00 2011"
"1663","2011-07-21","21","7","3","2011","Thu Jul 21 11:16:13 GMT+01:00 2011"
"1664","2011-07-22","22","7","3","2011","Fri Jul 22 00:56:10 GMT+01:00 2011"
"1665","2011-07-23","23","7","3","2011","Sat Jul 23 08:02:38 GMT+01:00 2011"
"1666","2011-07-24","24","7","3","2011","Sun Jul 24 02:27:40 GMT+01:00 2011"
"1667","2011-07-25","25","7","3","2011","Mon Jul 25 21:39:23 GMT+01:00 2011"
"1668","2011-07-26","26","7","3","2011","Tue Jul 26 23:17:21 GMT+01:00 2011"
"1669","2011-07-27","27","7","3","2011","Wed Jul 27 19:12:58 GMT+01:00 2011"
"1670","2011-07-28","28","7","3","2011","Thu Jul 28 15:48:15 GMT+01:00 2011"
"1671","2011-07-29","29","7","3","2011","Fri Jul 29 07:03:18 GMT+01:00 2011"
"1672","2011-07-30","30","7","3","2011","Sat Jul 30 05:40:00 GMT+01:00 2011"
"1673","2011-07-31","31","7","3","2011","Sun Jul 31 09:26:43 GMT+01:00 2011"
"1674","2011-08-01","1","8","3","2011","Mon Aug 01 14:17:38 GMT+01:00 2011"
"1675","2011-08-02","2","8","3","2011","Tue Aug 02 12:32:26 GMT+01:00 2011"
"1676","2011-08-03","3","8","3","2011","Wed Aug 03 13:22:24 GMT+01:00 2011"
"1677","2011-08-04","4","8","3","2011","Thu Aug 04 12:45:08 GMT+01:00 2011"
"1678","2011-08-05","5","8","3","2011","Fri Aug 05 20:17:39 GMT+01:00 2011"
"1679","2011-08-06","6","8","3","2011","Sat Aug 06 22:02:58 GMT+01:00 2011"
"1680","2011-08-07","7","8","3","2011","Sun Aug 07 11:44:01 GMT+01:00 2011"
"1681","2011-08-08","8","8","3","2011","Mon Aug 08 09:41:17 GMT+01:00 2011"
"1682","2011-08-09","9","8","3","2011","Tue Aug 09 17:51:49 GMT+01:00 2011"
"1683","2011-08-10","10","8","3","2011","Wed Aug 10 03:56:40 GMT+01:00 2011"
"1684","2011-08-11","11","8","3","2011","Thu Aug 11 18:38:40 GMT+01:00 2011"
"1685","2011-08-12","12","8","3","2011","Fri Aug 12 07:12:54 GMT+01:00 2011"
"1686","2011-08-13","13","8","3","2011","Sat Aug 13 20:08:49 GMT+01:00 2011"
"1687","2011-08-14","14","8","3","2011","Sun Aug 14 15:45:08 GMT+01:00 2011"
"1688","2011-08-15","15","8","3","2011","Mon Aug 15 17:21:12 GMT+01:00 2011"
"1689","2011-08-16","16","8","3","2011","Tue Aug 16 23:02:58 GMT+01:00 2011"
"1690","2011-08-17","17","8","3","2011","Wed Aug 17 12:53:13 GMT+01:00 2011"
"1691","2011-08-18","18","8","3","2011","Thu Aug 18 23:18:57 GMT+01:00 2011"
"1692","2011-08-19","19","8","3","2011","Fri Aug 19 16:43:03 GMT+01:00 2011"
"1693","2011-08-20","20","8","3","2011","Sat Aug 20 15:06:46 GMT+01:00 2011"
"1694","2011-08-21","21","8","3","2011","Sun Aug 21 07:24:39 GMT+01:00 2011"
"1695","2011-08-22","22","8","3","2011","Mon Aug 22 14:58:04 GMT+01:00 2011"
"1696","2011-08-23","23","8","3","2011","Tue Aug 23 05:28:55 GMT+01:00 2011"
"1697","2011-08-24","24","8","3","2011","Wed Aug 24 14:51:24 GMT+01:00 2011"
"1698","2011-08-25","25","8","3","2011","Thu Aug 25 08:02:09 GMT+01:00 2011"
"1699","2011-08-26","26","8","3","2011","Fri Aug 26 21:04:38 GMT+01:00 2011"
"1700","2011-08-27","27","8","3","2011","Sat Aug 27 06:22:50 GMT+01:00 2011"
"1701","2011-08-28","28","8","3","2011","Sun Aug 28 21:02:44 GMT+01:00 2011"
"1702","2011-08-29","29","8","3","2011","Mon Aug 29 03:40:48 GMT+01:00 2011"
"1703","2011-08-30","30","8","3","2011","Tue Aug 30 19:45:51 GMT+01:00 2011"
"1704","2011-08-31","31","8","3","2011","Wed Aug 31 02:15:50 GMT+01:00 2011"
"1705","2011-09-01","1","9","3","2011","Thu Sep 01 18:22:29 GMT+01:00 2011"
"1706","2011-09-02","2","9","3","2011","Fri Sep 02 21:01:49 GMT+01:00 2011"
"1707","2011-09-03","3","9","3","2011","Sat Sep 03 01:10:21 GMT+01:00 2011"
"1708","2011-09-04","4","9","3","2011","Sun Sep 04 07:26:38 GMT+01:00 2011"
"1709","2011-09-05","5","9","3","2011","Mon Sep 05 07:16:39 GMT+01:00 2011"
"1710","2011-09-06","6","9","3","2011","Tue Sep 06 03:27:12 GMT+01:00 2011"
"1711","2011-09-07","7","9","3","2011","Wed Sep 07 03:08:35 GMT+01:00 2011"
"1712","2011-09-08","8","9","3","2011","Thu Sep 08 23:26:16 GMT+01:00 2011"
"1713","2011-09-09","9","9","3","2011","Fri Sep 09 21:16:27 GMT+01:00 2011"
"1714","2011-09-10","10","9","3","2011","Sat Sep 10 07:23:09 GMT+01:00 2011"
"1715","2011-09-11","11","9","3","2011","Sun Sep 11 09:05:10 GMT+01:00 2011"
"1716","2011-09-12","12","9","3","2011","Mon Sep 12 12:08:59 GMT+01:00 2011"
"1717","2011-09-13","13","9","3","2011","Tue Sep 13 02:01:05 GMT+01:00 2011"
"1718","2011-09-14","14","9","3","2011","Wed Sep 14 13:21:51 GMT+01:00 2011"
"1719","2011-09-15","15","9","3","2011","Thu Sep 15 18:25:50 GMT+01:00 2011"
"1720","2011-09-16","16","9","3","2011","Fri Sep 16 06:46:37 GMT+01:00 2011"
"1721","2011-09-17","17","9","3","2011","Sat Sep 17 03:39:35 GMT+01:00 2011"
"1722","2011-09-18","18","9","3","2011","Sun Sep 18 17:47:25 GMT+01:00 2011"
"1723","2011-09-19","19","9","3","2011","Mon Sep 19 03:00:11 GMT+01:00 2011"
"1724","2011-09-20","20","9","3","2011","Tue Sep 20 09:03:32 GMT+01:00 2011"
"1725","2011-09-21","21","9","3","2011","Wed Sep 21 23:27:35 GMT+01:00 2011"
"1726","2011-09-22","22","9","3","2011","Thu Sep 22 15:10:11 GMT+01:00 2011"
"1727","2011-09-23","23","9","3","2011","Fri Sep 23 20:20:15 GMT+01:00 2011"
"1728","2011-09-24","24","9","3","2011","Sat Sep 24 23:07:11 GMT+01:00 2011"
"1729","2011-09-25","25","9","3","2011","Sun Sep 25 22:33:05 GMT+01:00 2011"
"1730","2011-09-26","26","9","3","2011","Mon Sep 26 06:48:40 GMT+01:00 2011"
"1731","2011-09-27","27","9","3","2011","Tue Sep 27 04:03:29 GMT+01:00 2011"
"1732","2011-09-28","28","9","3","2011","Wed Sep 28 03:28:09 GMT+01:00 2011"
"1733","2011-09-29","29","9","3","2011","Thu Sep 29 03:12:35 GMT+01:00 2011"
"1734","2011-09-30","30","9","3","2011","Fri Sep 30 03:03:05 GMT+01:00 2011"
"1735","2011-10-01","1","10","4","2011","Sat Oct 01 01:06:56 GMT+01:00 2011"
"1736","2011-10-02","2","10","4","2011","Sun Oct 02 17:29:27 GMT+01:00 2011"
"1737","2011-10-03","3","10","4","2011","Mon Oct 03 08:08:07 GMT+01:00 2011"
"1738","2011-10-04","4","10","4","2011","Tue Oct 04 17:54:32 GMT+01:00 2011"
"1739","2011-10-05","5","10","4","2011","Wed Oct 05 00:53:01 GMT+01:00 2011"
"1740","2011-10-06","6","10","4","2011","Thu Oct 06 10:10:34 GMT+01:00 2011"
"1741","2011-10-07","7","10","4","2011","Fri Oct 07 15:29:38 GMT+01:00 2011"
"1742","2011-10-08","8","10","4","2011","Sat Oct 08 23:45:38 GMT+01:00 2011"
"1743","2011-10-09","9","10","4","2011","Sun Oct 09 13:02:26 GMT+01:00 2011"
"1744","2011-10-10","10","10","4","2011","Mon Oct 10 19:07:58 GMT+01:00 2011"
"1745","2011-10-11","11","10","4","2011","Tue Oct 11 20:16:51 GMT+01:00 2011"
"1746","2011-10-12","12","10","4","2011","Wed Oct 12 21:11:39 GMT+01:00 2011"
"1747","2011-10-13","13","10","4","2011","Thu Oct 13 00:51:26 GMT+01:00 2011"
"1748","2011-10-14","14","10","4","2011","Fri Oct 14 02:03:17 GMT+01:00 2011"
"1749","2011-10-15","15","10","4","2011","Sat Oct 15 17:18:08 GMT+01:00 2011"
"1750","2011-10-16","16","10","4","2011","Sun Oct 16 14:14:35 GMT+01:00 2011"
"1751","2011-10-17","17","10","4","2011","Mon Oct 17 23:28:10 GMT+01:00 2011"
"1752","2011-10-18","18","10","4","2011","Tue Oct 18 17:07:41 GMT+01:00 2011"
"1753","2011-10-19","19","10","4","2011","Wed Oct 19 05:26:54 GMT+01:00 2011"
"1754","2011-10-20","20","10","4","2011","Thu Oct 20 01:11:54 GMT+01:00 2011"
"1755","2011-10-21","21","10","4","2011","Fri Oct 21 14:14:13 GMT+01:00 2011"
"1756","2011-10-22","22","10","4","2011","Sat Oct 22 11:27:31 GMT+01:00 2011"
"1757","2011-10-23","23","10","4","2011","Sun Oct 23 17:47:31 GMT+01:00 2011"
"1758","2011-10-24","24","10","4","2011","Mon Oct 24 11:59:34 GMT+01:00 2011"
"1759","2011-10-25","25","10","4","2011","Tue Oct 25 00:32:01 GMT+01:00 2011"
"1760","2011-10-26","26","10","4","2011","Wed Oct 26 08:48:59 GMT+01:00 2011"
"1761","2011-10-27","27","10","4","2011","Thu Oct 27 22:40:24 GMT+01:00 2011"
"1762","2011-10-28","28","10","4","2011","Fri Oct 28 22:55:25 GMT+01:00 2011"
"1763","2011-10-29","29","10","4","2011","Sat Oct 29 02:17:34 GMT+01:00 2011"
"1764","2011-10-30","30","10","4","2011","Sun Oct 30 11:31:31 GMT+01:00 2011"
"1765","2011-10-31","31","10","4","2011","Mon Oct 31 13:10:19 GMT+01:00 2011"
"1766","2011-11-01","1","11","4","2011","Tue Nov 01 02:59:43 GMT+01:00 2011"
"1767","2011-11-02","2","11","4","2011","Wed Nov 02 14:09:18 GMT+01:00 2011"
"1768","2011-11-03","3","11","4","2011","Thu Nov 03 08:43:36 GMT+01:00 2011"
"1769","2011-11-04","4","11","4","2011","Fri Nov 04 17:54:43 GMT+01:00 2011"
"1770","2011-11-05","5","11","4","2011","Sat Nov 05 16:41:49 GMT+01:00 2011"
"1771","2011-11-06","6","11","4","2011","Sun Nov 06 08:33:21 GMT+01:00 2011"
"1772","2011-11-07","7","11","4","2011","Mon Nov 07 06:48:19 GMT+01:00 2011"
"1773","2011-11-08","8","11","4","2011","Tue Nov 08 16:59:44 GMT+01:00 2011"
"1774","2011-11-09","9","11","4","2011","Wed Nov 09 02:35:55 GMT+01:00 2011"
"1775","2011-11-10","10","11","4","2011","Thu Nov 10 14:38:17 GMT+01:00 2011"
"1776","2011-11-11","11","11","4","2011","Fri Nov 11 04:56:02 GMT+01:00 2011"
"1777","2011-11-12","12","11","4","2011","Sat Nov 12 06:44:48 GMT+01:00 2011"
"1778","2011-11-13","13","11","4","2011","Sun Nov 13 22:45:06 GMT+01:00 2011"
"1779","2011-11-14","14","11","4","2011","Mon Nov 14 01:41:58 GMT+01:00 2011"
"1780","2011-11-15","15","11","4","2011","Tue Nov 15 08:26:44 GMT+01:00 2011"
"1781","2011-11-16","16","11","4","2011","Wed Nov 16 18:23:30 GMT+01:00 2011"
"1782","2011-11-17","17","11","4","2011","Thu Nov 17 04:31:28 GMT+01:00 2011"
"1783","2011-11-18","18","11","4","2011","Fri Nov 18 20:40:02 GMT+01:00 2011"
"1784","2011-11-19","19","11","4","2011","Sat Nov 19 05:14:21 GMT+01:00 2011"
"1785","2011-11-20","20","11","4","2011","Sun Nov 20 14:15:17 GMT+01:00 2011"
"1786","2011-11-21","21","11","4","2011","Mon Nov 21 02:02:08 GMT+01:00 2011"
"1787","2011-11-22","22","11","4","2011","Tue Nov 22 20:19:11 GMT+01:00 2011"
"1788","2011-11-23","23","11","4","2011","Wed Nov 23 11:58:04 GMT+01:00 2011"
"1789","2011-11-24","24","11","4","2011","Thu Nov 24 09:44:48 GMT+01:00 2011"
"1790","2011-11-25","25","11","4","2011","Fri Nov 25 12:17:07 GMT+01:00 2011"
"1791","2011-11-26","26","11","4","2011","Sat Nov 26 15:20:17 GMT+01:00 2011"
"1792","2011-11-27","27","11","4","2011","Sun Nov 27 21:15:24 GMT+01:00 2011"
"1793","2011-11-28","28","11","4","2011","Mon Nov 28 11:24:01 GMT+01:00 2011"
"1794","2011-11-29","29","11","4","2011","Tue Nov 29 22:18:58 GMT+01:00 2011"
"1795","2011-11-30","30","11","4","2011","Wed Nov 30 01:01:33 GMT+01:00 2011"
"1796","2011-12-01","1","12","4","2011","Thu Dec 01 10:51:53 GMT+01:00 2011"
"1797","2011-12-02","2","12","4","2011","Fri Dec 02 14:24:45 GMT+01:00 2011"
"1798","2011-12-03","3","12","4","2011","Sat Dec 03 05:55:58 GMT+01:00 2011"
"1799","2011-12-04","4","12","4","2011","Sun Dec 04 10:30:32 GMT+01:00 2011"
"1800","2011-12-05","5","12","4","2011","Mon Dec 05 06:00:53 GMT+01:00 2011"
"1801","2011-12-06","6","12","4","2011","Tue Dec 06 20:56:17 GMT+01:00 2011"
"1802","2011-12-07","7","12","4","2011","Wed Dec 07 18:37:40 GMT+01:00 2011"
"1803","2011-12-08","8","12","4","2011","Thu Dec 08 00:24:13 GMT+01:00 2011"
"1804","2011-12-09","9","12","4","2011","Fri Dec 09 11:29:43 GMT+01:00 2011"
"1805","2011-12-10","10","12","4","2011","Sat Dec 10 14:13:48 GMT+01:00 2011"
"1806","2011-12-11","11","12","4","2011","Sun Dec 11 00:43:06 GMT+01:00 2011"
"1807","2011-12-12","12","12","4","2011","Mon Dec 12 11:42:43 GMT+01:00 2011"
"1808","2011-12-13","13","12","4","2011","Tue Dec 13 06:31:32 GMT+01:00 2011"
"1809","2011-12-14","14","12","4","2011","Wed Dec 14 12:32:44 GMT+01:00 2011"
"1810","2011-12-15","15","12","4","2011","Thu Dec 15 10:58:20 GMT+01:00 2011"
"1811","2011-12-16","16","12","4","2011","Fri Dec 16 15:18:54 GMT+01:00 2011"
"1812","2011-12-17","17","12","4","2011","Sat Dec 17 12:05:26 GMT+01:00 2011"
"1813","2011-12-18","18","12","4","2011","Sun Dec 18 20:05:36 GMT+01:00 2011"
"1814","2011-12-19","19","12","4","2011","Mon Dec 19 18:10:07 GMT+01:00 2011"
"1815","2011-12-20","20","12","4","2011","Tue Dec 20 06:21:39 GMT+01:00 2011"
"1816","2011-12-21","21","12","4","2011","Wed Dec 21 19:42:17 GMT+01:00 2011"
"1817","2011-12-22","22","12","4","2011","Thu Dec 22 04:54:46 GMT+01:00 2011"
"1818","2011-12-23","23","12","4","2011","Fri Dec 23 07:11:21 GMT+01:00 2011"
"1819","2011-12-24","24","12","4","2011","Sat Dec 24 07:12:41 GMT+01:00 2011"
"1820","2011-12-25","25","12","4","2011","Sun Dec 25 12:22:57 GMT+01:00 2011"
"1821","2011-12-26","26","12","4","2011","Mon Dec 26 20:18:44 GMT+01:00 2011"
"1822","2011-12-27","27","12","4","2011","Tue Dec 27 09:02:24 GMT+01:00 2011"
"1823","2011-12-28","28","12","4","2011","Wed Dec 28 13:32:11 GMT+01:00 2011"
"1824","2011-12-29","29","12","4","2011","Thu Dec 29 18:47:57 GMT+01:00 2011"
"1825","2011-12-30","30","12","4","2011","Fri Dec 30 16:21:00 GMT+01:00 2011"
"1826","2011-12-31","31","12","4","2011","Sat Dec 31 17:22:27 GMT+01:00 2011"
"1827","2012-01-01","1","1","1","2012","Sun Jan 01 18:03:00 GMT+01:00 2012"
"1828","2012-01-02","2","1","1","2012","Mon Jan 02 05:03:50 GMT+01:00 2012"
"1829","2012-01-03","3","1","1","2012","Tue Jan 03 09:19:57 GMT+01:00 2012"
"1830","2012-01-04","4","1","1","2012","Wed Jan 04 14:24:19 GMT+01:00 2012"
"1831","2012-01-05","5","1","1","2012","Thu Jan 05 11:32:45 GMT+01:00 2012"
"1832","2012-01-06","6","1","1","2012","Fri Jan 06 10:25:41 GMT+01:00 2012"
"1833","2012-01-07","7","1","1","2012","Sat Jan 07 19:54:56 GMT+01:00 2012"
"1834","2012-01-08","8","1","1","2012","Sun Jan 08 23:42:59 GMT+01:00 2012"
"1835","2012-01-09","9","1","1","2012","Mon Jan 09 08:25:52 GMT+01:00 2012"
"1836","2012-01-10","10","1","1","2012","Tue Jan 10 12:29:12 GMT+01:00 2012"
"1837","2012-01-11","11","1","1","2012","Wed Jan 11 05:16:10 GMT+01:00 2012"
"1838","2012-01-12","12","1","1","2012","Thu Jan 12 16:21:09 GMT+01:00 2012"
"1839","2012-01-13","13","1","1","2012","Fri Jan 13 23:09:58 GMT+01:00 2012"
"1840","2012-01-14","14","1","1","2012","Sat Jan 14 10:15:53 GMT+01:00 2012"
"1841","2012-01-15","15","1","1","2012","Sun Jan 15 21:08:33 GMT+01:00 2012"
"1842","2012-01-16","16","1","1","2012","Mon Jan 16 07:50:45 GMT+01:00 2012"
"1843","2012-01-17","17","1","1","2012","Tue Jan 17 22:27:07 GMT+01:00 2012"
"1844","2012-01-18","18","1","1","2012","Wed Jan 18 02:47:46 GMT+01:00 2012"
"1845","2012-01-19","19","1","1","2012","Thu Jan 19 23:11:06 GMT+01:00 2012"
"1846","2012-01-20","20","1","1","2012","Fri Jan 20 01:34:22 GMT+01:00 2012"
"1847","2012-01-21","21","1","1","2012","Sat Jan 21 20:35:01 GMT+01:00 2012"
"1848","2012-01-22","22","1","1","2012","Sun Jan 22 05:02:13 GMT+01:00 2012"
"1849","2012-01-23","23","1","1","2012","Mon Jan 23 10:40:04 GMT+01:00 2012"
"1850","2012-01-24","24","1","1","2012","Tue Jan 24 14:22:18 GMT+01:00 2012"
"1851","2012-01-25","25","1","1","2012","Wed Jan 25 23:41:20 GMT+01:00 2012"
"1852","2012-01-26","26","1","1","2012","Thu Jan 26 11:59:13 GMT+01:00 2012"
"1853","2012-01-27","27","1","1","2012","Fri Jan 27 18:11:44 GMT+01:00 2012"
"1854","2012-01-28","28","1","1","2012","Sat Jan 28 14:56:27 GMT+01:00 2012"
"1855","2012-01-29","29","1","1","2012","Sun Jan 29 19:27:19 GMT+01:00 2012"
"1856","2012-01-30","30","1","1","2012","Mon Jan 30 09:46:13 GMT+01:00 2012"
"1857","2012-01-31","31","1","1","2012","Tue Jan 31 00:51:50 GMT+01:00 2012"
"1858","2012-02-01","1","2","1","2012","Wed Feb 01 16:25:10 GMT+01:00 2012"
"1859","2012-02-02","2","2","1","2012","Thu Feb 02 11:32:01 GMT+01:00 2012"
"1860","2012-02-03","3","2","1","2012","Fri Feb 03 17:40:04 GMT+01:00 2012"
"1861","2012-02-04","4","2","1","2012","Sat Feb 04 07:04:36 GMT+01:00 2012"
"1862","2012-02-05","5","2","1","2012","Sun Feb 05 16:22:55 GMT+01:00 2012"
"1863","2012-02-06","6","2","1","2012","Mon Feb 06 21:27:05 GMT+01:00 2012"
"1864","2012-02-07","7","2","1","2012","Tue Feb 07 06:55:03 GMT+01:00 2012"
"1865","2012-02-08","8","2","1","2012","Wed Feb 08 18:17:27 GMT+01:00 2012"
"1866","2012-02-09","9","2","1","2012","Thu Feb 09 19:17:35 GMT+01:00 2012"
"1867","2012-02-10","10","2","1","2012","Fri Feb 10 03:18:22 GMT+01:00 2012"
"1868","2012-02-11","11","2","1","2012","Sat Feb 11 17:35:00 GMT+01:00 2012"
"1869","2012-02-12","12","2","1","2012","Sun Feb 12 18:06:17 GMT+01:00 2012"
"1870","2012-02-13","13","2","1","2012","Mon Feb 13 11:23:45 GMT+01:00 2012"
"1871","2012-02-14","14","2","1","2012","Tue Feb 14 01:45:37 GMT+01:00 2012"
"1872","2012-02-15","15","2","1","2012","Wed Feb 15 01:20:45 GMT+01:00 2012"
"1873","2012-02-16","16","2","1","2012","Thu Feb 16 20:37:20 GMT+01:00 2012"
"1874","2012-02-17","17","2","1","2012","Fri Feb 17 12:51:21 GMT+01:00 2012"
"1875","2012-02-18","18","2","1","2012","Sat Feb 18 11:51:29 GMT+01:00 2012"
"1876","2012-02-19","19","2","1","2012","Sun Feb 19 11:41:02 GMT+01:00 2012"
"1877","2012-02-20","20","2","1","2012","Mon Feb 20 23:32:28 GMT+01:00 2012"
"1878","2012-02-21","21","2","1","2012","Tue Feb 21 18:10:38 GMT+01:00 2012"
"1879","2012-02-22","22","2","1","2012","Wed Feb 22 07:18:57 GMT+01:00 2012"
"1880","2012-02-23","23","2","1","2012","Thu Feb 23 20:09:49 GMT+01:00 2012"
"1881","2012-02-24","24","2","1","2012","Fri Feb 24 09:12:39 GMT+01:00 2012"
"1882","2012-02-25","25","2","1","2012","Sat Feb 25 08:49:30 GMT+01:00 2012"
"1883","2012-02-26","26","2","1","2012","Sun Feb 26 08:16:02 GMT+01:00 2012"
"1884","2012-02-27","27","2","1","2012","Mon Feb 27 17:26:20 GMT+01:00 2012"
"1885","2012-02-28","28","2","1","2012","Tue Feb 28 07:48:57 GMT+01:00 2012"
"1886","2012-02-29","29","2","1","2012","Wed Feb 29 01:43:41 GMT+01:00 2012"
"1887","2012-03-01","1","3","1","2012","Thu Mar 01 16:28:41 GMT+01:00 2012"
"1888","2012-03-02","2","3","1","2012","Fri Mar 02 03:47:43 GMT+01:00 2012"
"1889","2012-03-03","3","3","1","2012","Sat Mar 03 15:41:10 GMT+01:00 2012"
"1890","2012-03-04","4","3","1","2012","Sun Mar 04 02:11:41 GMT+01:00 2012"
"1891","2012-03-05","5","3","1","2012","Mon Mar 05 18:05:16 GMT+01:00 2012"
"1892","2012-03-06","6","3","1","2012","Tue Mar 06 06:22:39 GMT+01:00 2012"
"1893","2012-03-07","7","3","1","2012","Wed Mar 07 14:25:43 GMT+01:00 2012"
"1894","2012-03-08","8","3","1","2012","Thu Mar 08 02:24:39 GMT+01:00 2012"
"1895","2012-03-09","9","3","1","2012","Fri Mar 09 03:47:09 GMT+01:00 2012"
"1896","2012-03-10","10","3","1","2012","Sat Mar 10 03:13:08 GMT+01:00 2012"
"1897","2012-03-11","11","3","1","2012","Sun Mar 11 20:36:33 GMT+01:00 2012"
"1898","2012-03-12","12","3","1","2012","Mon Mar 12 17:45:21 GMT+01:00 2012"
"1899","2012-03-13","13","3","1","2012","Tue Mar 13 05:27:08 GMT+01:00 2012"
"1900","2012-03-14","14","3","1","2012","Wed Mar 14 02:14:26 GMT+01:00 2012"
"1901","2012-03-15","15","3","1","2012","Thu Mar 15 02:42:17 GMT+01:00 2012"
"1902","2012-03-16","16","3","1","2012","Fri Mar 16 05:04:01 GMT+01:00 2012"
"1903","2012-03-17","17","3","1","2012","Sat Mar 17 10:42:22 GMT+01:00 2012"
"1904","2012-03-18","18","3","1","2012","Sun Mar 18 17:43:29 GMT+01:00 2012"
"1905","2012-03-19","19","3","1","2012","Mon Mar 19 03:13:41 GMT+01:00 2012"
"1906","2012-03-20","20","3","1","2012","Tue Mar 20 21:34:52 GMT+01:00 2012"
"1907","2012-03-21","21","3","1","2012","Wed Mar 21 06:44:45 GMT+01:00 2012"
"1908","2012-03-22","22","3","1","2012","Thu Mar 22 03:16:05 GMT+01:00 2012"
"1909","2012-03-23","23","3","1","2012","Fri Mar 23 23:14:34 GMT+01:00 2012"
"1910","2012-03-24","24","3","1","2012","Sat Mar 24 00:13:04 GMT+01:00 2012"
"1911","2012-03-25","25","3","1","2012","Sun Mar 25 03:31:14 GMT+01:00 2012"
"1912","2012-03-26","26","3","1","2012","Mon Mar 26 23:43:20 GMT+01:00 2012"
"1913","2012-03-27","27","3","1","2012","Tue Mar 27 19:14:42 GMT+01:00 2012"
"1914","2012-03-28","28","3","1","2012","Wed Mar 28 17:08:49 GMT+01:00 2012"
"1915","2012-03-29","29","3","1","2012","Thu Mar 29 22:02:53 GMT+01:00 2012"
"1916","2012-03-30","30","3","1","2012","Fri Mar 30 12:25:18 GMT+01:00 2012"
"1917","2012-03-31","31","3","1","2012","Sat Mar 31 08:44:12 GMT+01:00 2012"
"1918","2012-04-01","1","4","2","2012","Sun Apr 01 15:11:46 GMT+01:00 2012"
"1919","2012-04-02","2","4","2","2012","Mon Apr 02 22:49:44 GMT+01:00 2012"
"1920","2012-04-03","3","4","2","2012","Tue Apr 03 16:08:26 GMT+01:00 2012"
"1921","2012-04-04","4","4","2","2012","Wed Apr 04 04:01:31 GMT+01:00 2012"
"1922","2012-04-05","5","4","2","2012","Thu Apr 05 01:55:27 GMT+01:00 2012"
"1923","2012-04-06","6","4","2","2012","Fri Apr 06 05:22:28 GMT+01:00 2012"
"1924","2012-04-07","7","4","2","2012","Sat Apr 07 22:15:57 GMT+01:00 2012"
"1925","2012-04-08","8","4","2","2012","Sun Apr 08 04:01:42 GMT+01:00 2012"
"1926","2012-04-09","9","4","2","2012","Mon Apr 09 09:02:45 GMT+01:00 2012"
"1927","2012-04-10","10","4","2","2012","Tue Apr 10 16:15:49 GMT+01:00 2012"
"1928","2012-04-11","11","4","2","2012","Wed Apr 11 00:43:24 GMT+01:00 2012"
"1929","2012-04-12","12","4","2","2012","Thu Apr 12 13:36:14 GMT+01:00 2012"
"1930","2012-04-13","13","4","2","2012","Fri Apr 13 05:06:15 GMT+01:00 2012"
"1931","2012-04-14","14","4","2","2012","Sat Apr 14 01:38:15 GMT+01:00 2012"
"1932","2012-04-15","15","4","2","2012","Sun Apr 15 11:29:34 GMT+01:00 2012"
"1933","2012-04-16","16","4","2","2012","Mon Apr 16 11:16:37 GMT+01:00 2012"
"1934","2012-04-17","17","4","2","2012","Tue Apr 17 08:18:23 GMT+01:00 2012"
"1935","2012-04-18","18","4","2","2012","Wed Apr 18 14:35:55 GMT+01:00 2012"
"1936","2012-04-19","19","4","2","2012","Thu Apr 19 10:45:18 GMT+01:00 2012"
"1937","2012-04-20","20","4","2","2012","Fri Apr 20 16:41:37 GMT+01:00 2012"
"1938","2012-04-21","21","4","2","2012","Sat Apr 21 16:07:01 GMT+01:00 2012"
"1939","2012-04-22","22","4","2","2012","Sun Apr 22 10:38:38 GMT+01:00 2012"
"1940","2012-04-23","23","4","2","2012","Mon Apr 23 08:55:21 GMT+01:00 2012"
"1941","2012-04-24","24","4","2","2012","Tue Apr 24 21:19:30 GMT+01:00 2012"
"1942","2012-04-25","25","4","2","2012","Wed Apr 25 05:38:24 GMT+01:00 2012"
"1943","2012-04-26","26","4","2","2012","Thu Apr 26 19:17:32 GMT+01:00 2012"
"1944","2012-04-27","27","4","2","2012","Fri Apr 27 04:38:07 GMT+01:00 2012"
"1945","2012-04-28","28","4","2","2012","Sat Apr 28 22:07:49 GMT+01:00 2012"
"1946","2012-04-29","29","4","2","2012","Sun Apr 29 07:42:51 GMT+01:00 2012"
"1947","2012-04-30","30","4","2","2012","Mon Apr 30 19:15:59 GMT+01:00 2012"
"1948","2012-05-01","1","5","2","2012","Tue May 01 15:15:34 GMT+01:00 2012"
"1949","2012-05-02","2","5","2","2012","Wed May 02 03:27:28 GMT+01:00 2012"
"1950","2012-05-03","3","5","2","2012","Thu May 03 11:36:54 GMT+01:00 2012"
"1951","2012-05-04","4","5","2","2012","Fri May 04 23:34:11 GMT+01:00 2012"
"1952","2012-05-05","5","5","2","2012","Sat May 05 07:04:40 GMT+01:00 2012"
"1953","2012-05-06","6","5","2","2012","Sun May 06 00:11:30 GMT+01:00 2012"
"1954","2012-05-07","7","5","2","2012","Mon May 07 21:21:10 GMT+01:00 2012"
"1955","2012-05-08","8","5","2","2012","Tue May 08 17:23:03 GMT+01:00 2012"
"1956","2012-05-09","9","5","2","2012","Wed May 09 02:27:10 GMT+01:00 2012"
"1957","2012-05-10","10","5","2","2012","Thu May 10 13:26:32 GMT+01:00 2012"
"1958","2012-05-11","11","5","2","2012","Fri May 11 07:38:20 GMT+01:00 2012"
"1959","2012-05-12","12","5","2","2012","Sat May 12 12:56:30 GMT+01:00 2012"
"1960","2012-05-13","13","5","2","2012","Sun May 13 16:32:48 GMT+01:00 2012"
"1961","2012-05-14","14","5","2","2012","Mon May 14 15:01:03 GMT+01:00 2012"
"1962","2012-05-15","15","5","2","2012","Tue May 15 16:50:41 GMT+01:00 2012"
"1963","2012-05-16","16","5","2","2012","Wed May 16 14:19:36 GMT+01:00 2012"
"1964","2012-05-17","17","5","2","2012","Thu May 17 18:54:20 GMT+01:00 2012"
"1965","2012-05-18","18","5","2","2012","Fri May 18 04:45:15 GMT+01:00 2012"
"1966","2012-05-19","19","5","2","2012","Sat May 19 10:14:39 GMT+01:00 2012"
"1967","2012-05-20","20","5","2","2012","Sun May 20 12:33:52 GMT+01:00 2012"
"1968","2012-05-21","21","5","2","2012","Mon May 21 14:38:54 GMT+01:00 2012"
"1969","2012-05-22","22","5","2","2012","Tue May 22 08:11:12 GMT+01:00 2012"
"1970","2012-05-23","23","5","2","2012","Wed May 23 02:00:19 GMT+01:00 2012"
"1971","2012-05-24","24","5","2","2012","Thu May 24 12:56:01 GMT+01:00 2012"
"1972","2012-05-25","25","5","2","2012","Fri May 25 22:22:36 GMT+01:00 2012"
"1973","2012-05-26","26","5","2","2012","Sat May 26 06:20:30 GMT+01:00 2012"
"1974","2012-05-27","27","5","2","2012","Sun May 27 03:48:48 GMT+01:00 2012"
"1975","2012-05-28","28","5","2","2012","Mon May 28 14:12:11 GMT+01:00 2012"
"1976","2012-05-29","29","5","2","2012","Tue May 29 14:14:29 GMT+01:00 2012"
"1977","2012-05-30","30","5","2","2012","Wed May 30 12:14:49 GMT+01:00 2012"
"1978","2012-05-31","31","5","2","2012","Thu May 31 20:04:35 GMT+01:00 2012"
"1979","2012-06-01","1","6","2","2012","Fri Jun 01 17:42:51 GMT+01:00 2012"
"1980","2012-06-02","2","6","2","2012","Sat Jun 02 17:12:38 GMT+01:00 2012"
"1981","2012-06-03","3","6","2","2012","Sun Jun 03 07:45:39 GMT+01:00 2012"
"1982","2012-06-04","4","6","2","2012","Mon Jun 04 11:32:26 GMT+01:00 2012"
"1983","2012-06-05","5","6","2","2012","Tue Jun 05 03:47:40 GMT+01:00 2012"
"1984","2012-06-06","6","6","2","2012","Wed Jun 06 05:33:33 GMT+01:00 2012"
"1985","2012-06-07","7","6","2","2012","Thu Jun 07 13:54:08 GMT+01:00 2012"
"1986","2012-06-08","8","6","2","2012","Fri Jun 08 02:11:33 GMT+01:00 2012"
"1987","2012-06-09","9","6","2","2012","Sat Jun 09 17:37:23 GMT+01:00 2012"
"1988","2012-06-10","10","6","2","2012","Sun Jun 10 17:03:54 GMT+01:00 2012"
"1989","2012-06-11","11","6","2","2012","Mon Jun 11 23:58:54 GMT+01:00 2012"
"1990","2012-06-12","12","6","2","2012","Tue Jun 12 03:03:23 GMT+01:00 2012"
"1991","2012-06-13","13","6","2","2012","Wed Jun 13 02:49:48 GMT+01:00 2012"
"1992","2012-06-14","14","6","2","2012","Thu Jun 14 06:59:11 GMT+01:00 2012"
"1993","2012-06-15","15","6","2","2012","Fri Jun 15 11:13:55 GMT+01:00 2012"
"1994","2012-06-16","16","6","2","2012","Sat Jun 16 03:46:24 GMT+01:00 2012"
"1995","2012-06-17","17","6","2","2012","Sun Jun 17 22:11:07 GMT+01:00 2012"
"1996","2012-06-18","18","6","2","2012","Mon Jun 18 14:19:25 GMT+01:00 2012"
"1997","2012-06-19","19","6","2","2012","Tue Jun 19 16:37:04 GMT+01:00 2012"
"1998","2012-06-20","20","6","2","2012","Wed Jun 20 19:56:19 GMT+01:00 2012"
"1999","2012-06-21","21","6","2","2012","Thu Jun 21 20:45:34 GMT+01:00 2012"
"2000","2012-06-22","22","6","2","2012","Fri Jun 22 02:24:04 GMT+01:00 2012"
"2001","2012-06-23","23","6","2","2012","Sat Jun 23 05:41:39 GMT+01:00 2012"
"2002","2012-06-24","24","6","2","2012","Sun Jun 24 15:51:25 GMT+01:00 2012"
"2003","2012-06-25","25","6","2","2012","Mon Jun 25 06:31:40 GMT+01:00 2012"
"2004","2012-06-26","26","6","2","2012","Tue Jun 26 20:11:50 GMT+01:00 2012"
"2005","2012-06-27","27","6","2","2012","Wed Jun 27 09:23:35 GMT+01:00 2012"
"2006","2012-06-28","28","6","2","2012","Thu Jun 28 11:26:02 GMT+01:00 2012"
"2007","2012-06-29","29","6","2","2012","Fri Jun 29 10:43:59 GMT+01:00 2012"
"2008","2012-06-30","30","6","2","2012","Sat Jun 30 18:37:56 GMT+01:00 2012"
"2009","2012-07-01","1","7","3","2012","Sun Jul 01 11:06:46 GMT+01:00 2012"
"2010","2012-07-02","2","7","3","2012","Mon Jul 02 17:28:06 GMT+01:00 2012"
"2011","2012-07-03","3","7","3","2012","Tue Jul 03 11:28:10 GMT+01:00 2012"
"2012","2012-07-04","4","7","3","2012","Wed Jul 04 11:42:01 GMT+01:00 2012"
"2013","2012-07-05","5","7","3","2012","Thu Jul 05 03:13:04 GMT+01:00 2012"
"2014","2012-07-06","6","7","3","2012","Fri Jul 06 21:22:47 GMT+01:00 2012"
"2015","2012-07-07","7","7","3","2012","Sat Jul 07 23:27:12 GMT+01:00 2012"
"2016","2012-07-08","8","7","3","2012","Sun Jul 08 14:06:12 GMT+01:00 2012"
"2017","2012-07-09","9","7","3","2012","Mon Jul 09 08:35:06 GMT+01:00 2012"
"2018","2012-07-10","10","7","3","2012","Tue Jul 10 13:40:17 GMT+01:00 2012"
"2019","2012-07-11","11","7","3","2012","Wed Jul 11 07:59:04 GMT+01:00 2012"
"2020","2012-07-12","12","7","3","2012","Thu Jul 12 15:49:16 GMT+01:00 2012"
"2021","2012-07-13","13","7","3","2012","Fri Jul 13 06:52:27 GMT+01:00 2012"
"2022","2012-07-14","14","7","3","2012","Sat Jul 14 06:49:00 GMT+01:00 2012"
"2023","2012-07-15","15","7","3","2012","Sun Jul 15 04:32:30 GMT+01:00 2012"
"2024","2012-07-16","16","7","3","2012","Mon Jul 16 01:29:12 GMT+01:00 2012"
"2025","2012-07-17","17","7","3","2012","Tue Jul 17 11:52:23 GMT+01:00 2012"
"2026","2012-07-18","18","7","3","2012","Wed Jul 18 12:28:41 GMT+01:00 2012"
"2027","2012-07-19","19","7","3","2012","Thu Jul 19 07:36:04 GMT+01:00 2012"
"2028","2012-07-20","20","7","3","2012","Fri Jul 20 21:50:49 GMT+01:00 2012"
"2029","2012-07-21","21","7","3","2012","Sat Jul 21 16:50:22 GMT+01:00 2012"
"2030","2012-07-22","22","7","3","2012","Sun Jul 22 23:46:04 GMT+01:00 2012"
"2031","2012-07-23","23","7","3","2012","Mon Jul 23 13:36:33 GMT+01:00 2012"
"2032","2012-07-24","24","7","3","2012","Tue Jul 24 06:47:09 GMT+01:00 2012"
"2033","2012-07-25","25","7","3","2012","Wed Jul 25 15:53:13 GMT+01:00 2012"
"2034","2012-07-26","26","7","3","2012","Thu Jul 26 10:15:39 GMT+01:00 2012"
"2035","2012-07-27","27","7","3","2012","Fri Jul 27 02:26:33 GMT+01:00 2012"
"2036","2012-07-28","28","7","3","2012","Sat Jul 28 18:26:16 GMT+01:00 2012"
"2037","2012-07-29","29","7","3","2012","Sun Jul 29 05:36:21 GMT+01:00 2012"
"2038","2012-07-30","30","7","3","2012","Mon Jul 30 18:16:56 GMT+01:00 2012"
"2039","2012-07-31","31","7","3","2012","Tue Jul 31 07:48:58 GMT+01:00 2012"
"2040","2012-08-01","1","8","3","2012","Wed Aug 01 04:34:39 GMT+01:00 2012"
"2041","2012-08-02","2","8","3","2012","Thu Aug 02 19:11:50 GMT+01:00 2012"
"2042","2012-08-03","3","8","3","2012","Fri Aug 03 19:59:52 GMT+01:00 2012"
"2043","2012-08-04","4","8","3","2012","Sat Aug 04 12:43:58 GMT+01:00 2012"
"2044","2012-08-05","5","8","3","2012","Sun Aug 05 09:16:13 GMT+01:00 2012"
"2045","2012-08-06","6","8","3","2012","Mon Aug 06 23:35:19 GMT+01:00 2012"
"2046","2012-08-07","7","8","3","2012","Tue Aug 07 01:53:51 GMT+01:00 2012"
"2047","2012-08-08","8","8","3","2012","Wed Aug 08 20:23:24 GMT+01:00 2012"
"2048","2012-08-09","9","8","3","2012","Thu Aug 09 04:08:41 GMT+01:00 2012"
"2049","2012-08-10","10","8","3","2012","Fri Aug 10 15:34:46 GMT+01:00 2012"
"2050","2012-08-11","11","8","3","2012","Sat Aug 11 15:56:27 GMT+01:00 2012"
"2051","2012-08-12","12","8","3","2012","Sun Aug 12 08:04:33 GMT+01:00 2012"
"2052","2012-08-13","13","8","3","2012","Mon Aug 13 23:11:33 GMT+01:00 2012"
"2053","2012-08-14","14","8","3","2012","Tue Aug 14 08:13:40 GMT+01:00 2012"
"2054","2012-08-15","15","8","3","2012","Wed Aug 15 09:24:12 GMT+01:00 2012"
"2055","2012-08-16","16","8","3","2012","Thu Aug 16 06:21:09 GMT+01:00 2012"
"2056","2012-08-17","17","8","3","2012","Fri Aug 17 13:46:58 GMT+01:00 2012"
"2057","2012-08-18","18","8","3","2012","Sat Aug 18 08:48:28 GMT+01:00 2012"
"2058","2012-08-19","19","8","3","2012","Sun Aug 19 07:20:12 GMT+01:00 2012"
"2059","2012-08-20","20","8","3","2012","Mon Aug 20 17:00:08 GMT+01:00 2012"
"2060","2012-08-21","21","8","3","2012","Tue Aug 21 17:16:28 GMT+01:00 2012"
"2061","2012-08-22","22","8","3","2012","Wed Aug 22 23:54:54 GMT+01:00 2012"
"2062","2012-08-23","23","8","3","2012","Thu Aug 23 20:20:07 GMT+01:00 2012"
"2063","2012-08-24","24","8","3","2012","Fri Aug 24 17:41:28 GMT+01:00 2012"
"2064","2012-08-25","25","8","3","2012","Sat Aug 25 02:11:40 GMT+01:00 2012"
"2065","2012-08-26","26","8","3","2012","Sun Aug 26 03:09:30 GMT+01:00 2012"
"2066","2012-08-27","27","8","3","2012","Mon Aug 27 07:47:23 GMT+01:00 2012"
"2067","2012-08-28","28","8","3","2012","Tue Aug 28 04:31:43 GMT+01:00 2012"
"2068","2012-08-29","29","8","3","2012","Wed Aug 29 01:17:18 GMT+01:00 2012"
"2069","2012-08-30","30","8","3","2012","Thu Aug 30 10:59:43 GMT+01:00 2012"
"2070","2012-08-31","31","8","3","2012","Fri Aug 31 18:41:08 GMT+01:00 2012"
"2071","2012-09-01","1","9","3","2012","Sat Sep 01 12:27:17 GMT+01:00 2012"
"2072","2012-09-02","2","9","3","2012","Sun Sep 02 16:58:21 GMT+01:00 2012"
"2073","2012-09-03","3","9","3","2012","Mon Sep 03 05:17:39 GMT+01:00 2012"
"2074","2012-09-04","4","9","3","2012","Tue Sep 04 14:15:17 GMT+01:00 2012"
"2075","2012-09-05","5","9","3","2012","Wed Sep 05 21:48:47 GMT+01:00 2012"
"2076","2012-09-06","6","9","3","2012","Thu Sep 06 06:59:52 GMT+01:00 2012"
"2077","2012-09-07","7","9","3","2012","Fri Sep 07 07:13:17 GMT+01:00 2012"
"2078","2012-09-08","8","9","3","2012","Sat Sep 08 20:58:44 GMT+01:00 2012"
"2079","2012-09-09","9","9","3","2012","Sun Sep 09 09:39:27 GMT+01:00 2012"
"2080","2012-09-10","10","9","3","2012","Mon Sep 10 03:14:29 GMT+01:00 2012"
"2081","2012-09-11","11","9","3","2012","Tue Sep 11 07:07:10 GMT+01:00 2012"
"2082","2012-09-12","12","9","3","2012","Wed Sep 12 06:11:25 GMT+01:00 2012"
"2083","2012-09-13","13","9","3","2012","Thu Sep 13 23:33:02 GMT+01:00 2012"
"2084","2012-09-14","14","9","3","2012","Fri Sep 14 05:43:59 GMT+01:00 2012"
"2085","2012-09-15","15","9","3","2012","Sat Sep 15 03:37:54 GMT+01:00 2012"
"2086","2012-09-16","16","9","3","2012","Sun Sep 16 16:45:22 GMT+01:00 2012"
"2087","2012-09-17","17","9","3","2012","Mon Sep 17 07:46:01 GMT+01:00 2012"
"2088","2012-09-18","18","9","3","2012","Tue Sep 18 07:51:51 GMT+01:00 2012"
"2089","2012-09-19","19","9","3","2012","Wed Sep 19 15:05:46 GMT+01:00 2012"
"2090","2012-09-20","20","9","3","2012","Thu Sep 20 11:22:24 GMT+01:00 2012"
"2091","2012-09-21","21","9","3","2012","Fri Sep 21 11:12:53 GMT+01:00 2012"
"2092","2012-09-22","22","9","3","2012","Sat Sep 22 09:02:37 GMT+01:00 2012"
"2093","2012-09-23","23","9","3","2012","Sun Sep 23 19:32:17 GMT+01:00 2012"
"2094","2012-09-24","24","9","3","2012","Mon Sep 24 00:46:48 GMT+01:00 2012"
"2095","2012-09-25","25","9","3","2012","Tue Sep 25 23:57:36 GMT+01:00 2012"
"2096","2012-09-26","26","9","3","2012","Wed Sep 26 00:23:42 GMT+01:00 2012"
"2097","2012-09-27","27","9","3","2012","Thu Sep 27 21:27:15 GMT+01:00 2012"
"2098","2012-09-28","28","9","3","2012","Fri Sep 28 10:08:48 GMT+01:00 2012"
"2099","2012-09-29","29","9","3","2012","Sat Sep 29 12:28:29 GMT+01:00 2012"
"2100","2012-09-30","30","9","3","2012","Sun Sep 30 05:52:45 GMT+01:00 2012"
"2101","2012-10-01","1","10","4","2012","Mon Oct 01 03:01:35 GMT+01:00 2012"
"2102","2012-10-02","2","10","4","2012","Tue Oct 02 07:47:38 GMT+01:00 2012"
"2103","2012-10-03","3","10","4","2012","Wed Oct 03 10:45:12 GMT+01:00 2012"
"2104","2012-10-04","4","10","4","2012","Thu Oct 04 13:14:38 GMT+01:00 2012"
"2105","2012-10-05","5","10","4","2012","Fri Oct 05 00:26:26 GMT+01:00 2012"
"2106","2012-10-06","6","10","4","2012","Sat Oct 06 18:13:14 GMT+01:00 2012"
"2107","2012-10-07","7","10","4","2012","Sun Oct 07 23:11:12 GMT+01:00 2012"
"2108","2012-10-08","8","10","4","2012","Mon Oct 08 00:12:35 GMT+01:00 2012"
"2109","2012-10-09","9","10","4","2012","Tue Oct 09 13:43:19 GMT+01:00 2012"
"2110","2012-10-10","10","10","4","2012","Wed Oct 10 12:15:17 GMT+01:00 2012"
"2111","2012-10-11","11","10","4","2012","Thu Oct 11 10:50:11 GMT+01:00 2012"
"2112","2012-10-12","12","10","4","2012","Fri Oct 12 10:40:33 GMT+01:00 2012"
"2113","2012-10-13","13","10","4","2012","Sat Oct 13 14:38:01 GMT+01:00 2012"
"2114","2012-10-14","14","10","4","2012","Sun Oct 14 18:24:27 GMT+01:00 2012"
"2115","2012-10-15","15","10","4","2012","Mon Oct 15 16:25:28 GMT+01:00 2012"
"2116","2012-10-16","16","10","4","2012","Tue Oct 16 11:32:41 GMT+01:00 2012"
"2117","2012-10-17","17","10","4","2012","Wed Oct 17 12:24:27 GMT+01:00 2012"
"2118","2012-10-18","18","10","4","2012","Thu Oct 18 03:10:09 GMT+01:00 2012"
"2119","2012-10-19","19","10","4","2012","Fri Oct 19 16:52:00 GMT+01:00 2012"
"2120","2012-10-20","20","10","4","2012","Sat Oct 20 10:47:42 GMT+01:00 2012"
"2121","2012-10-21","21","10","4","2012","Sun Oct 21 17:17:04 GMT+01:00 2012"
"2122","2012-10-22","22","10","4","2012","Mon Oct 22 04:54:27 GMT+01:00 2012"
"2123","2012-10-23","23","10","4","2012","Tue Oct 23 07:56:40 GMT+01:00 2012"
"2124","2012-10-24","24","10","4","2012","Wed Oct 24 02:41:59 GMT+01:00 2012"
"2125","2012-10-25","25","10","4","2012","Thu Oct 25 23:56:32 GMT+01:00 2012"
"2126","2012-10-26","26","10","4","2012","Fri Oct 26 03:33:47 GMT+01:00 2012"
"2127","2012-10-27","27","10","4","2012","Sat Oct 27 08:20:54 GMT+01:00 2012"
"2128","2012-10-28","28","10","4","2012","Sun Oct 28 19:28:57 GMT+01:00 2012"
"2129","2012-10-29","29","10","4","2012","Mon Oct 29 06:05:02 GMT+01:00 2012"
"2130","2012-10-30","30","10","4","2012","Tue Oct 30 18:49:14 GMT+01:00 2012"
"2131","2012-10-31","31","10","4","2012","Wed Oct 31 17:48:54 GMT+01:00 2012"
"2132","2012-11-01","1","11","4","2012","Thu Nov 01 16:13:32 GMT+01:00 2012"
"2133","2012-11-02","2","11","4","2012","Fri Nov 02 16:11:47 GMT+01:00 2012"
"2134","2012-11-03","3","11","4","2012","Sat Nov 03 22:13:19 GMT+01:00 2012"
"2135","2012-11-04","4","11","4","2012","Sun Nov 04 13:12:47 GMT+01:00 2012"
"2136","2012-11-05","5","11","4","2012","Mon Nov 05 16:48:31 GMT+01:00 2012"
"2137","2012-11-06","6","11","4","2012","Tue Nov 06 16:09:26 GMT+01:00 2012"
"2138","2012-11-07","7","11","4","2012","Wed Nov 07 01:34:32 GMT+01:00 2012"
"2139","2012-11-08","8","11","4","2012","Thu Nov 08 16:13:08 GMT+01:00 2012"
"2140","2012-11-09","9","11","4","2012","Fri Nov 09 03:24:37 GMT+01:00 2012"
"2141","2012-11-10","10","11","4","2012","Sat Nov 10 12:46:47 GMT+01:00 2012"
"2142","2012-11-11","11","11","4","2012","Sun Nov 11 23:43:40 GMT+01:00 2012"
"2143","2012-11-12","12","11","4","2012","Mon Nov 12 09:44:22 GMT+01:00 2012"
"2144","2012-11-13","13","11","4","2012","Tue Nov 13 19:27:34 GMT+01:00 2012"
"2145","2012-11-14","14","11","4","2012","Wed Nov 14 00:22:36 GMT+01:00 2012"
"2146","2012-11-15","15","11","4","2012","Thu Nov 15 03:37:09 GMT+01:00 2012"
"2147","2012-11-16","16","11","4","2012","Fri Nov 16 03:19:49 GMT+01:00 2012"
"2148","2012-11-17","17","11","4","2012","Sat Nov 17 07:40:46 GMT+01:00 2012"
"2149","2012-11-18","18","11","4","2012","Sun Nov 18 22:55:24 GMT+01:00 2012"
"2150","2012-11-19","19","11","4","2012","Mon Nov 19 06:38:11 GMT+01:00 2012"
"2151","2012-11-20","20","11","4","2012","Tue Nov 20 07:03:12 GMT+01:00 2012"
"2152","2012-11-21","21","11","4","2012","Wed Nov 21 14:03:59 GMT+01:00 2012"
"2153","2012-11-22","22","11","4","2012","Thu Nov 22 02:49:26 GMT+01:00 2012"
"2154","2012-11-23","23","11","4","2012","Fri Nov 23 21:02:37 GMT+01:00 2012"
"2155","2012-11-24","24","11","4","2012","Sat Nov 24 15:30:04 GMT+01:00 2012"
"2156","2012-11-25","25","11","4","2012","Sun Nov 25 04:04:25 GMT+01:00 2012"
"2157","2012-11-26","26","11","4","2012","Mon Nov 26 15:37:46 GMT+01:00 2012"
"2158","2012-11-27","27","11","4","2012","Tue Nov 27 15:29:45 GMT+01:00 2012"
"2159","2012-11-28","28","11","4","2012","Wed Nov 28 17:43:00 GMT+01:00 2012"
"2160","2012-11-29","29","11","4","2012","Thu Nov 29 21:48:35 GMT+01:00 2012"
"2161","2012-11-30","30","11","4","2012","Fri Nov 30 14:57:58 GMT+01:00 2012"
"2162","2012-12-01","1","12","4","2012","Sat Dec 01 01:13:25 GMT+01:00 2012"
"2163","2012-12-02","2","12","4","2012","Sun Dec 02 03:43:48 GMT+01:00 2012"
"2164","2012-12-03","3","12","4","2012","Mon Dec 03 21:59:11 GMT+01:00 2012"
"2165","2012-12-04","4","12","4","2012","Tue Dec 04 15:29:56 GMT+01:00 2012"
"2166","2012-12-05","5","12","4","2012","Wed Dec 05 08:13:42 GMT+01:00 2012"
"2167","2012-12-06","6","12","4","2012","Thu Dec 06 05:56:48 GMT+01:00 2012"
"2168","2012-12-07","7","12","4","2012","Fri Dec 07 08:06:42 GMT+01:00 2012"
"2169","2012-12-08","8","12","4","2012","Sat Dec 08 05:22:56 GMT+01:00 2012"
"2170","2012-12-09","9","12","4","2012","Sun Dec 09 19:55:16 GMT+01:00 2012"
"2171","2012-12-10","10","12","4","2012","Mon Dec 10 01:26:43 GMT+01:00 2012"
"2172","2012-12-11","11","12","4","2012","Tue Dec 11 06:08:18 GMT+01:00 2012"
"2173","2012-12-12","12","12","4","2012","Wed Dec 12 12:26:41 GMT+01:00 2012"
"2174","2012-12-13","13","12","4","2012","Thu Dec 13 12:21:21 GMT+01:00 2012"
"2175","2012-12-14","14","12","4","2012","Fri Dec 14 01:53:02 GMT+01:00 2012"
"2176","2012-12-15","15","12","4","2012","Sat Dec 15 00:52:25 GMT+01:00 2012"
"2177","2012-12-16","16","12","4","2012","Sun Dec 16 02:14:13 GMT+01:00 2012"
"2178","2012-12-17","17","12","4","2012","Mon Dec 17 14:28:18 GMT+01:00 2012"
"2179","2012-12-18","18","12","4","2012","Tue Dec 18 06:15:59 GMT+01:00 2012"
"2180","2012-12-19","19","12","4","2012","Wed Dec 19 00:11:21 GMT+01:00 2012"
"2181","2012-12-20","20","12","4","2012","Thu Dec 20 06:55:17 GMT+01:00 2012"
"2182","2012-12-21","21","12","4","2012","Fri Dec 21 15:45:51 GMT+01:00 2012"
"2183","2012-12-22","22","12","4","2012","Sat Dec 22 07:02:10 GMT+01:00 2012"
"2184","2012-12-23","23","12","4","2012","Sun Dec 23 15:22:15 GMT+01:00 2012"
"2185","2012-12-24","24","12","4","2012","Mon Dec 24 23:52:29 GMT+01:00 2012"
"2186","2012-12-25","25","12","4","2012","Tue Dec 25 00:38:11 GMT+01:00 2012"
"2187","2012-12-26","26","12","4","2012","Wed Dec 26 21:40:33 GMT+01:00 2012"
"2188","2012-12-27","27","12","4","2012","Thu Dec 27 18:29:04 GMT+01:00 2012"
"2189","2012-12-28","28","12","4","2012","Fri Dec 28 12:09:43 GMT+01:00 2012"
"2190","2012-12-29","29","12","4","2012","Sat Dec 29 22:48:07 GMT+01:00 2012"
"2191","2012-12-30","30","12","4","2012","Sun Dec 30 00:26:25 GMT+01:00 2012"
"2192","2012-12-31","31","12","4","2012","Mon Dec 31 20:38:00 GMT+01:00 2012"
"2193","2013-01-01","1","1","1","2013","Tue Jan 01 09:16:06 GMT+01:00 2013"
"2194","2013-01-02","2","1","1","2013","Wed Jan 02 15:53:44 GMT+01:00 2013"
"2195","2013-01-03","3","1","1","2013","Thu Jan 03 11:35:07 GMT+01:00 2013"
"2196","2013-01-04","4","1","1","2013","Fri Jan 04 18:04:42 GMT+01:00 2013"
"2197","2013-01-05","5","1","1","2013","Sat Jan 05 04:02:28 GMT+01:00 2013"
"2198","2013-01-06","6","1","1","2013","Sun Jan 06 09:21:58 GMT+01:00 2013"
"2199","2013-01-07","7","1","1","2013","Mon Jan 07 05:33:41 GMT+01:00 2013"
"2200","2013-01-08","8","1","1","2013","Tue Jan 08 13:22:56 GMT+01:00 2013"
"2201","2013-01-09","9","1","1","2013","Wed Jan 09 01:32:06 GMT+01:00 2013"
"2202","2013-01-10","10","1","1","2013","Thu Jan 10 04:40:22 GMT+01:00 2013"
"2203","2013-01-11","11","1","1","2013","Fri Jan 11 02:46:42 GMT+01:00 2013"
"2204","2013-01-12","12","1","1","2013","Sat Jan 12 08:32:21 GMT+01:00 2013"
"2205","2013-01-13","13","1","1","2013","Sun Jan 13 08:48:38 GMT+01:00 2013"
"2206","2013-01-14","14","1","1","2013","Mon Jan 14 05:40:27 GMT+01:00 2013"
"2207","2013-01-15","15","1","1","2013","Tue Jan 15 05:26:56 GMT+01:00 2013"
"2208","2013-01-16","16","1","1","2013","Wed Jan 16 12:25:56 GMT+01:00 2013"
"2209","2013-01-17","17","1","1","2013","Thu Jan 17 13:27:46 GMT+01:00 2013"
"2210","2013-01-18","18","1","1","2013","Fri Jan 18 04:57:07 GMT+01:00 2013"
"2211","2013-01-19","19","1","1","2013","Sat Jan 19 03:39:45 GMT+01:00 2013"
"2212","2013-01-20","20","1","1","2013","Sun Jan 20 07:44:54 GMT+01:00 2013"
"2213","2013-01-21","21","1","1","2013","Mon Jan 21 13:01:10 GMT+01:00 2013"
"2214","2013-01-22","22","1","1","2013","Tue Jan 22 09:54:50 GMT+01:00 2013"
"2215","2013-01-23","23","1","1","2013","Wed Jan 23 18:47:37 GMT+01:00 2013"
"2216","2013-01-24","24","1","1","2013","Thu Jan 24 08:26:06 GMT+01:00 2013"
"2217","2013-01-25","25","1","1","2013","Fri Jan 25 17:47:23 GMT+01:00 2013"
"2218","2013-01-26","26","1","1","2013","Sat Jan 26 23:20:58 GMT+01:00 2013"
"2219","2013-01-27","27","1","1","2013","Sun Jan 27 09:39:31 GMT+01:00 2013"
"2220","2013-01-28","28","1","1","2013","Mon Jan 28 10:20:01 GMT+01:00 2013"
"2221","2013-01-29","29","1","1","2013","Tue Jan 29 08:32:52 GMT+01:00 2013"
"2222","2013-01-30","30","1","1","2013","Wed Jan 30 13:27:06 GMT+01:00 2013"
"2223","2013-01-31","31","1","1","2013","Thu Jan 31 00:58:34 GMT+01:00 2013"
"2224","2013-02-01","1","2","1","2013","Fri Feb 01 20:32:02 GMT+01:00 2013"
"2225","2013-02-02","2","2","1","2013","Sat Feb 02 15:29:24 GMT+01:00 2013"
"2226","2013-02-03","3","2","1","2013","Sun Feb 03 11:36:37 GMT+01:00 2013"
"2227","2013-02-04","4","2","1","2013","Mon Feb 04 01:54:33 GMT+01:00 2013"
"2228","2013-02-05","5","2","1","2013","Tue Feb 05 20:48:16 GMT+01:00 2013"
"2229","2013-02-06","6","2","1","2013","Wed Feb 06 01:00:08 GMT+01:00 2013"
"2230","2013-02-07","7","2","1","2013","Thu Feb 07 09:12:55 GMT+01:00 2013"
"2231","2013-02-08","8","2","1","2013","Fri Feb 08 02:46:34 GMT+01:00 2013"
"2232","2013-02-09","9","2","1","2013","Sat Feb 09 22:45:44 GMT+01:00 2013"
"2233","2013-02-10","10","2","1","2013","Sun Feb 10 19:14:14 GMT+01:00 2013"
"2234","2013-02-11","11","2","1","2013","Mon Feb 11 19:07:14 GMT+01:00 2013"
"2235","2013-02-12","12","2","1","2013","Tue Feb 12 09:29:18 GMT+01:00 2013"
"2236","2013-02-13","13","2","1","2013","Wed Feb 13 07:04:01 GMT+01:00 2013"
"2237","2013-02-14","14","2","1","2013","Thu Feb 14 05:30:38 GMT+01:00 2013"
"2238","2013-02-15","15","2","1","2013","Fri Feb 15 08:05:00 GMT+01:00 2013"
"2239","2013-02-16","16","2","1","2013","Sat Feb 16 08:13:09 GMT+01:00 2013"
"2240","2013-02-17","17","2","1","2013","Sun Feb 17 07:42:17 GMT+01:00 2013"
"2241","2013-02-18","18","2","1","2013","Mon Feb 18 01:24:36 GMT+01:00 2013"
"2242","2013-02-19","19","2","1","2013","Tue Feb 19 02:57:30 GMT+01:00 2013"
"2243","2013-02-20","20","2","1","2013","Wed Feb 20 17:13:44 GMT+01:00 2013"
"2244","2013-02-21","21","2","1","2013","Thu Feb 21 04:25:06 GMT+01:00 2013"
"2245","2013-02-22","22","2","1","2013","Fri Feb 22 11:20:04 GMT+01:00 2013"
"2246","2013-02-23","23","2","1","2013","Sat Feb 23 16:43:10 GMT+01:00 2013"
"2247","2013-02-24","24","2","1","2013","Sun Feb 24 10:10:03 GMT+01:00 2013"
"2248","2013-02-25","25","2","1","2013","Mon Feb 25 08:17:29 GMT+01:00 2013"
"2249","2013-02-26","26","2","1","2013","Tue Feb 26 06:53:41 GMT+01:00 2013"
"2250","2013-02-27","27","2","1","2013","Wed Feb 27 01:13:22 GMT+01:00 2013"
"2251","2013-02-28","28","2","1","2013","Thu Feb 28 09:39:11 GMT+01:00 2013"
"2252","2013-03-01","1","3","1","2013","Fri Mar 01 19:19:32 GMT+01:00 2013"
"2253","2013-03-02","2","3","1","2013","Sat Mar 02 17:31:09 GMT+01:00 2013"
"2254","2013-03-03","3","3","1","2013","Sun Mar 03 11:48:16 GMT+01:00 2013"
"2255","2013-03-04","4","3","1","2013","Mon Mar 04 03:53:49 GMT+01:00 2013"
"2256","2013-03-05","5","3","1","2013","Tue Mar 05 05:07:39 GMT+01:00 2013"
"2257","2013-03-06","6","3","1","2013","Wed Mar 06 23:44:03 GMT+01:00 2013"
"2258","2013-03-07","7","3","1","2013","Thu Mar 07 11:06:54 GMT+01:00 2013"
"2259","2013-03-08","8","3","1","2013","Fri Mar 08 09:59:37 GMT+01:00 2013"
"2260","2013-03-09","9","3","1","2013","Sat Mar 09 11:24:51 GMT+01:00 2013"
"2261","2013-03-10","10","3","1","2013","Sun Mar 10 23:28:31 GMT+01:00 2013"
"2262","2013-03-11","11","3","1","2013","Mon Mar 11 17:04:56 GMT+01:00 2013"
"2263","2013-03-12","12","3","1","2013","Tue Mar 12 23:53:41 GMT+01:00 2013"
"2264","2013-03-13","13","3","1","2013","Wed Mar 13 00:47:23 GMT+01:00 2013"
"2265","2013-03-14","14","3","1","2013","Thu Mar 14 14:18:10 GMT+01:00 2013"
"2266","2013-03-15","15","3","1","2013","Fri Mar 15 04:23:45 GMT+01:00 2013"
"2267","2013-03-16","16","3","1","2013","Sat Mar 16 19:48:46 GMT+01:00 2013"
"2268","2013-03-17","17","3","1","2013","Sun Mar 17 11:57:51 GMT+01:00 2013"
"2269","2013-03-18","18","3","1","2013","Mon Mar 18 17:20:28 GMT+01:00 2013"
"2270","2013-03-19","19","3","1","2013","Tue Mar 19 15:29:43 GMT+01:00 2013"
"2271","2013-03-20","20","3","1","2013","Wed Mar 20 05:15:24 GMT+01:00 2013"
"2272","2013-03-21","21","3","1","2013","Thu Mar 21 05:04:38 GMT+01:00 2013"
"2273","2013-03-22","22","3","1","2013","Fri Mar 22 22:45:31 GMT+01:00 2013"
"2274","2013-03-23","23","3","1","2013","Sat Mar 23 10:30:52 GMT+01:00 2013"
"2275","2013-03-24","24","3","1","2013","Sun Mar 24 10:36:01 GMT+01:00 2013"
"2276","2013-03-25","25","3","1","2013","Mon Mar 25 20:46:35 GMT+01:00 2013"
"2277","2013-03-26","26","3","1","2013","Tue Mar 26 21:26:27 GMT+01:00 2013"
"2278","2013-03-27","27","3","1","2013","Wed Mar 27 18:34:11 GMT+01:00 2013"
"2279","2013-03-28","28","3","1","2013","Thu Mar 28 22:36:50 GMT+01:00 2013"
"2280","2013-03-29","29","3","1","2013","Fri Mar 29 13:44:47 GMT+01:00 2013"
"2281","2013-03-30","30","3","1","2013","Sat Mar 30 16:54:12 GMT+01:00 2013"
"2282","2013-03-31","31","3","1","2013","Sun Mar 31 22:37:55 GMT+01:00 2013"
"2283","2013-04-01","1","4","2","2013","Mon Apr 01 17:11:44 GMT+01:00 2013"
"2284","2013-04-02","2","4","2","2013","Tue Apr 02 01:18:39 GMT+01:00 2013"
"2285","2013-04-03","3","4","2","2013","Wed Apr 03 23:28:10 GMT+01:00 2013"
"2286","2013-04-04","4","4","2","2013","Thu Apr 04 20:14:42 GMT+01:00 2013"
"2287","2013-04-05","5","4","2","2013","Fri Apr 05 15:41:35 GMT+01:00 2013"
"2288","2013-04-06","6","4","2","2013","Sat Apr 06 02:41:33 GMT+01:00 2013"
"2289","2013-04-07","7","4","2","2013","Sun Apr 07 20:45:20 GMT+01:00 2013"
"2290","2013-04-08","8","4","2","2013","Mon Apr 08 23:20:29 GMT+01:00 2013"
"2291","2013-04-09","9","4","2","2013","Tue Apr 09 23:29:58 GMT+01:00 2013"
"2292","2013-04-10","10","4","2","2013","Wed Apr 10 16:15:28 GMT+01:00 2013"
"2293","2013-04-11","11","4","2","2013","Thu Apr 11 01:25:11 GMT+01:00 2013"
"2294","2013-04-12","12","4","2","2013","Fri Apr 12 04:32:13 GMT+01:00 2013"
"2295","2013-04-13","13","4","2","2013","Sat Apr 13 16:40:26 GMT+01:00 2013"
"2296","2013-04-14","14","4","2","2013","Sun Apr 14 22:10:52 GMT+01:00 2013"
"2297","2013-04-15","15","4","2","2013","Mon Apr 15 20:25:56 GMT+01:00 2013"
"2298","2013-04-16","16","4","2","2013","Tue Apr 16 11:28:56 GMT+01:00 2013"
"2299","2013-04-17","17","4","2","2013","Wed Apr 17 11:47:07 GMT+01:00 2013"
"2300","2013-04-18","18","4","2","2013","Thu Apr 18 21:11:33 GMT+01:00 2013"
"2301","2013-04-19","19","4","2","2013","Fri Apr 19 04:42:09 GMT+01:00 2013"
"2302","2013-04-20","20","4","2","2013","Sat Apr 20 15:24:26 GMT+01:00 2013"
"2303","2013-04-21","21","4","2","2013","Sun Apr 21 20:32:27 GMT+01:00 2013"
"2304","2013-04-22","22","4","2","2013","Mon Apr 22 19:06:58 GMT+01:00 2013"
"2305","2013-04-23","23","4","2","2013","Tue Apr 23 22:35:13 GMT+01:00 2013"
"2306","2013-04-24","24","4","2","2013","Wed Apr 24 03:37:43 GMT+01:00 2013"
"2307","2013-04-25","25","4","2","2013","Thu Apr 25 19:43:09 GMT+01:00 2013"
"2308","2013-04-26","26","4","2","2013","Fri Apr 26 11:25:12 GMT+01:00 2013"
"2309","2013-04-27","27","4","2","2013","Sat Apr 27 03:37:46 GMT+01:00 2013"
"2310","2013-04-28","28","4","2","2013","Sun Apr 28 04:36:36 GMT+01:00 2013"
"2311","2013-04-29","29","4","2","2013","Mon Apr 29 18:17:12 GMT+01:00 2013"
"2312","2013-04-30","30","4","2","2013","Tue Apr 30 17:45:40 GMT+01:00 2013"
"2313","2013-05-01","1","5","2","2013","Wed May 01 09:10:58 GMT+01:00 2013"
"2314","2013-05-02","2","5","2","2013","Thu May 02 01:56:00 GMT+01:00 2013"
"2315","2013-05-03","3","5","2","2013","Fri May 03 21:44:07 GMT+01:00 2013"
"2316","2013-05-04","4","5","2","2013","Sat May 04 16:19:38 GMT+01:00 2013"
"2317","2013-05-05","5","5","2","2013","Sun May 05 08:31:04 GMT+01:00 2013"
"2318","2013-05-06","6","5","2","2013","Mon May 06 04:06:20 GMT+01:00 2013"
"2319","2013-05-07","7","5","2","2013","Tue May 07 03:26:16 GMT+01:00 2013"
"2320","2013-05-08","8","5","2","2013","Wed May 08 08:42:30 GMT+01:00 2013"
"2321","2013-05-09","9","5","2","2013","Thu May 09 21:56:22 GMT+01:00 2013"
"2322","2013-05-10","10","5","2","2013","Fri May 10 23:45:17 GMT+01:00 2013"
"2323","2013-05-11","11","5","2","2013","Sat May 11 02:31:31 GMT+01:00 2013"
"2324","2013-05-12","12","5","2","2013","Sun May 12 18:51:33 GMT+01:00 2013"
"2325","2013-05-13","13","5","2","2013","Mon May 13 16:44:46 GMT+01:00 2013"
"2326","2013-05-14","14","5","2","2013","Tue May 14 13:46:51 GMT+01:00 2013"
"2327","2013-05-15","15","5","2","2013","Wed May 15 00:06:29 GMT+01:00 2013"
"2328","2013-05-16","16","5","2","2013","Thu May 16 02:55:36 GMT+01:00 2013"
"2329","2013-05-17","17","5","2","2013","Fri May 17 09:33:43 GMT+01:00 2013"
"2330","2013-05-18","18","5","2","2013","Sat May 18 06:25:03 GMT+01:00 2013"
"2331","2013-05-19","19","5","2","2013","Sun May 19 22:36:02 GMT+01:00 2013"
"2332","2013-05-20","20","5","2","2013","Mon May 20 07:51:27 GMT+01:00 2013"
"2333","2013-05-21","21","5","2","2013","Tue May 21 18:09:31 GMT+01:00 2013"
"2334","2013-05-22","22","5","2","2013","Wed May 22 10:00:44 GMT+01:00 2013"
"2335","2013-05-23","23","5","2","2013","Thu May 23 21:22:15 GMT+01:00 2013"
"2336","2013-05-24","24","5","2","2013","Fri May 24 12:21:19 GMT+01:00 2013"
"2337","2013-05-25","25","5","2","2013","Sat May 25 02:54:50 GMT+01:00 2013"
"2338","2013-05-26","26","5","2","2013","Sun May 26 19:38:25 GMT+01:00 2013"
"2339","2013-05-27","27","5","2","2013","Mon May 27 01:17:16 GMT+01:00 2013"
"2340","2013-05-28","28","5","2","2013","Tue May 28 07:57:20 GMT+01:00 2013"
"2341","2013-05-29","29","5","2","2013","Wed May 29 11:28:13 GMT+01:00 2013"
"2342","2013-05-30","30","5","2","2013","Thu May 30 15:30:12 GMT+01:00 2013"
"2343","2013-05-31","31","5","2","2013","Fri May 31 23:19:29 GMT+01:00 2013"
"2344","2013-06-01","1","6","2","2013","Sat Jun 01 04:54:30 GMT+01:00 2013"
"2345","2013-06-02","2","6","2","2013","Sun Jun 02 01:42:57 GMT+01:00 2013"
"2346","2013-06-03","3","6","2","2013","Mon Jun 03 03:57:26 GMT+01:00 2013"
"2347","2013-06-04","4","6","2","2013","Tue Jun 04 01:09:59 GMT+01:00 2013"
"2348","2013-06-05","5","6","2","2013","Wed Jun 05 22:15:54 GMT+01:00 2013"
"2349","2013-06-06","6","6","2","2013","Thu Jun 06 23:51:30 GMT+01:00 2013"
"2350","2013-06-07","7","6","2","2013","Fri Jun 07 18:12:08 GMT+01:00 2013"
"2351","2013-06-08","8","6","2","2013","Sat Jun 08 01:40:54 GMT+01:00 2013"
"2352","2013-06-09","9","6","2","2013","Sun Jun 09 23:39:13 GMT+01:00 2013"
"2353","2013-06-10","10","6","2","2013","Mon Jun 10 03:07:08 GMT+01:00 2013"
"2354","2013-06-11","11","6","2","2013","Tue Jun 11 22:55:40 GMT+01:00 2013"
"2355","2013-06-12","12","6","2","2013","Wed Jun 12 15:29:40 GMT+01:00 2013"
"2356","2013-06-13","13","6","2","2013","Thu Jun 13 08:39:49 GMT+01:00 2013"
"2357","2013-06-14","14","6","2","2013","Fri Jun 14 11:02:04 GMT+01:00 2013"
"2358","2013-06-15","15","6","2","2013","Sat Jun 15 03:23:25 GMT+01:00 2013"
"2359","2013-06-16","16","6","2","2013","Sun Jun 16 19:49:28 GMT+01:00 2013"
"2360","2013-06-17","17","6","2","2013","Mon Jun 17 12:29:58 GMT+01:00 2013"
"2361","2013-06-18","18","6","2","2013","Tue Jun 18 20:59:37 GMT+01:00 2013"
"2362","2013-06-19","19","6","2","2013","Wed Jun 19 08:12:23 GMT+01:00 2013"
"2363","2013-06-20","20","6","2","2013","Thu Jun 20 22:11:44 GMT+01:00 2013"
"2364","2013-06-21","21","6","2","2013","Fri Jun 21 12:55:42 GMT+01:00 2013"
"2365","2013-06-22","22","6","2","2013","Sat Jun 22 20:35:38 GMT+01:00 2013"
"2366","2013-06-23","23","6","2","2013","Sun Jun 23 00:46:39 GMT+01:00 2013"
"2367","2013-06-24","24","6","2","2013","Mon Jun 24 15:12:41 GMT+01:00 2013"
"2368","2013-06-25","25","6","2","2013","Tue Jun 25 17:38:50 GMT+01:00 2013"
"2369","2013-06-26","26","6","2","2013","Wed Jun 26 14:38:52 GMT+01:00 2013"
"2370","2013-06-27","27","6","2","2013","Thu Jun 27 01:19:43 GMT+01:00 2013"
"2371","2013-06-28","28","6","2","2013","Fri Jun 28 14:30:19 GMT+01:00 2013"
"2372","2013-06-29","29","6","2","2013","Sat Jun 29 18:31:32 GMT+01:00 2013"
"2373","2013-06-30","30","6","2","2013","Sun Jun 30 03:21:13 GMT+01:00 2013"
"2374","2013-07-01","1","7","3","2013","Mon Jul 01 05:13:13 GMT+01:00 2013"
"2375","2013-07-02","2","7","3","2013","Tue Jul 02 10:14:09 GMT+01:00 2013"
"2376","2013-07-03","3","7","3","2013","Wed Jul 03 22:18:18 GMT+01:00 2013"
"2377","2013-07-04","4","7","3","2013","Thu Jul 04 12:52:17 GMT+01:00 2013"
"2378","2013-07-05","5","7","3","2013","Fri Jul 05 12:39:26 GMT+01:00 2013"
"2379","2013-07-06","6","7","3","2013","Sat Jul 06 13:37:21 GMT+01:00 2013"
"2380","2013-07-07","7","7","3","2013","Sun Jul 07 18:29:52 GMT+01:00 2013"
"2381","2013-07-08","8","7","3","2013","Mon Jul 08 15:00:10 GMT+01:00 2013"
"2382","2013-07-09","9","7","3","2013","Tue Jul 09 12:08:41 GMT+01:00 2013"
"2383","2013-07-10","10","7","3","2013","Wed Jul 10 23:02:05 GMT+01:00 2013"
"2384","2013-07-11","11","7","3","2013","Thu Jul 11 23:47:52 GMT+01:00 2013"
"2385","2013-07-12","12","7","3","2013","Fri Jul 12 04:10:17 GMT+01:00 2013"
"2386","2013-07-13","13","7","3","2013","Sat Jul 13 20:21:53 GMT+01:00 2013"
"2387","2013-07-14","14","7","3","2013","Sun Jul 14 16:18:34 GMT+01:00 2013"
"2388","2013-07-15","15","7","3","2013","Mon Jul 15 01:04:07 GMT+01:00 2013"
"2389","2013-07-16","16","7","3","2013","Tue Jul 16 03:07:09 GMT+01:00 2013"
"2390","2013-07-17","17","7","3","2013","Wed Jul 17 09:01:36 GMT+01:00 2013"
"2391","2013-07-18","18","7","3","2013","Thu Jul 18 16:19:42 GMT+01:00 2013"
"2392","2013-07-19","19","7","3","2013","Fri Jul 19 17:53:41 GMT+01:00 2013"
"2393","2013-07-20","20","7","3","2013","Sat Jul 20 14:13:40 GMT+01:00 2013"
"2394","2013-07-21","21","7","3","2013","Sun Jul 21 12:09:52 GMT+01:00 2013"
"2395","2013-07-22","22","7","3","2013","Mon Jul 22 03:21:39 GMT+01:00 2013"
"2396","2013-07-23","23","7","3","2013","Tue Jul 23 14:19:45 GMT+01:00 2013"
"2397","2013-07-24","24","7","3","2013","Wed Jul 24 14:21:03 GMT+01:00 2013"
"2398","2013-07-25","25","7","3","2013","Thu Jul 25 03:22:36 GMT+01:00 2013"
"2399","2013-07-26","26","7","3","2013","Fri Jul 26 22:06:33 GMT+01:00 2013"
"2400","2013-07-27","27","7","3","2013","Sat Jul 27 08:19:44 GMT+01:00 2013"
"2401","2013-07-28","28","7","3","2013","Sun Jul 28 04:56:47 GMT+01:00 2013"
"2402","2013-07-29","29","7","3","2013","Mon Jul 29 07:11:32 GMT+01:00 2013"
"2403","2013-07-30","30","7","3","2013","Tue Jul 30 16:50:00 GMT+01:00 2013"
"2404","2013-07-31","31","7","3","2013","Wed Jul 31 10:19:14 GMT+01:00 2013"
"2405","2013-08-01","1","8","3","2013","Thu Aug 01 05:04:50 GMT+01:00 2013"
"2406","2013-08-02","2","8","3","2013","Fri Aug 02 13:11:26 GMT+01:00 2013"
"2407","2013-08-03","3","8","3","2013","Sat Aug 03 00:24:46 GMT+01:00 2013"
"2408","2013-08-04","4","8","3","2013","Sun Aug 04 12:53:57 GMT+01:00 2013"
"2409","2013-08-05","5","8","3","2013","Mon Aug 05 16:46:06 GMT+01:00 2013"
"2410","2013-08-06","6","8","3","2013","Tue Aug 06 11:45:09 GMT+01:00 2013"
"2411","2013-08-07","7","8","3","2013","Wed Aug 07 10:13:07 GMT+01:00 2013"
"2412","2013-08-08","8","8","3","2013","Thu Aug 08 20:00:10 GMT+01:00 2013"
"2413","2013-08-09","9","8","3","2013","Fri Aug 09 01:34:00 GMT+01:00 2013"
"2414","2013-08-10","10","8","3","2013","Sat Aug 10 13:00:06 GMT+01:00 2013"
"2415","2013-08-11","11","8","3","2013","Sun Aug 11 09:52:33 GMT+01:00 2013"
"2416","2013-08-12","12","8","3","2013","Mon Aug 12 09:35:48 GMT+01:00 2013"
"2417","2013-08-13","13","8","3","2013","Tue Aug 13 09:06:11 GMT+01:00 2013"
"2418","2013-08-14","14","8","3","2013","Wed Aug 14 20:08:42 GMT+01:00 2013"
"2419","2013-08-15","15","8","3","2013","Thu Aug 15 21:13:06 GMT+01:00 2013"
"2420","2013-08-16","16","8","3","2013","Fri Aug 16 06:08:19 GMT+01:00 2013"
"2421","2013-08-17","17","8","3","2013","Sat Aug 17 10:30:24 GMT+01:00 2013"
"2422","2013-08-18","18","8","3","2013","Sun Aug 18 10:11:32 GMT+01:00 2013"
"2423","2013-08-19","19","8","3","2013","Mon Aug 19 22:40:42 GMT+01:00 2013"
"2424","2013-08-20","20","8","3","2013","Tue Aug 20 13:04:48 GMT+01:00 2013"
"2425","2013-08-21","21","8","3","2013","Wed Aug 21 09:03:56 GMT+01:00 2013"
"2426","2013-08-22","22","8","3","2013","Thu Aug 22 23:34:52 GMT+01:00 2013"
"2427","2013-08-23","23","8","3","2013","Fri Aug 23 16:18:33 GMT+01:00 2013"
"2428","2013-08-24","24","8","3","2013","Sat Aug 24 02:27:42 GMT+01:00 2013"
"2429","2013-08-25","25","8","3","2013","Sun Aug 25 15:00:21 GMT+01:00 2013"
"2430","2013-08-26","26","8","3","2013","Mon Aug 26 16:04:33 GMT+01:00 2013"
"2431","2013-08-27","27","8","3","2013","Tue Aug 27 23:36:41 GMT+01:00 2013"
"2432","2013-08-28","28","8","3","2013","Wed Aug 28 00:19:36 GMT+01:00 2013"
"2433","2013-08-29","29","8","3","2013","Thu Aug 29 12:54:27 GMT+01:00 2013"
"2434","2013-08-30","30","8","3","2013","Fri Aug 30 21:13:42 GMT+01:00 2013"
"2435","2013-08-31","31","8","3","2013","Sat Aug 31 06:29:34 GMT+01:00 2013"
"2436","2013-09-01","1","9","3","2013","Sun Sep 01 10:47:48 GMT+01:00 2013"
"2437","2013-09-02","2","9","3","2013","Mon Sep 02 17:28:28 GMT+01:00 2013"
"2438","2013-09-03","3","9","3","2013","Tue Sep 03 13:44:51 GMT+01:00 2013"
"2439","2013-09-04","4","9","3","2013","Wed Sep 04 22:45:57 GMT+01:00 2013"
"2440","2013-09-05","5","9","3","2013","Thu Sep 05 23:38:24 GMT+01:00 2013"
"2441","2013-09-06","6","9","3","2013","Fri Sep 06 02:29:09 GMT+01:00 2013"
"2442","2013-09-07","7","9","3","2013","Sat Sep 07 16:31:58 GMT+01:00 2013"
"2443","2013-09-08","8","9","3","2013","Sun Sep 08 03:09:43 GMT+01:00 2013"
"2444","2013-09-09","9","9","3","2013","Mon Sep 09 09:25:29 GMT+01:00 2013"
"2445","2013-09-10","10","9","3","2013","Tue Sep 10 10:43:55 GMT+01:00 2013"
"2446","2013-09-11","11","9","3","2013","Wed Sep 11 14:31:59 GMT+01:00 2013"
"2447","2013-09-12","12","9","3","2013","Thu Sep 12 21:08:12 GMT+01:00 2013"
"2448","2013-09-13","13","9","3","2013","Fri Sep 13 04:07:46 GMT+01:00 2013"
"2449","2013-09-14","14","9","3","2013","Sat Sep 14 03:00:54 GMT+01:00 2013"
"2450","2013-09-15","15","9","3","2013","Sun Sep 15 07:18:40 GMT+01:00 2013"
"2451","2013-09-16","16","9","3","2013","Mon Sep 16 23:28:52 GMT+01:00 2013"
"2452","2013-09-17","17","9","3","2013","Tue Sep 17 19:10:34 GMT+01:00 2013"
"2453","2013-09-18","18","9","3","2013","Wed Sep 18 17:25:53 GMT+01:00 2013"
"2454","2013-09-19","19","9","3","2013","Thu Sep 19 02:07:34 GMT+01:00 2013"
"2455","2013-09-20","20","9","3","2013","Fri Sep 20 20:42:10 GMT+01:00 2013"
"2456","2013-09-21","21","9","3","2013","Sat Sep 21 06:04:45 GMT+01:00 2013"
"2457","2013-09-22","22","9","3","2013","Sun Sep 22 08:52:24 GMT+01:00 2013"
"2458","2013-09-23","23","9","3","2013","Mon Sep 23 04:40:11 GMT+01:00 2013"
"2459","2013-09-24","24","9","3","2013","Tue Sep 24 02:18:54 GMT+01:00 2013"
"2460","2013-09-25","25","9","3","2013","Wed Sep 25 17:20:43 GMT+01:00 2013"
"2461","2013-09-26","26","9","3","2013","Thu Sep 26 19:44:55 GMT+01:00 2013"
"2462","2013-09-27","27","9","3","2013","Fri Sep 27 21:59:35 GMT+01:00 2013"
"2463","2013-09-28","28","9","3","2013","Sat Sep 28 01:00:48 GMT+01:00 2013"
"2464","2013-09-29","29","9","3","2013","Sun Sep 29 02:08:15 GMT+01:00 2013"
"2465","2013-09-30","30","9","3","2013","Mon Sep 30 08:45:56 GMT+01:00 2013"
"2466","2013-10-01","1","10","4","2013","Tue Oct 01 23:48:43 GMT+01:00 2013"
"2467","2013-10-02","2","10","4","2013","Wed Oct 02 19:16:27 GMT+01:00 2013"
"2468","2013-10-03","3","10","4","2013","Thu Oct 03 18:01:58 GMT+01:00 2013"
"2469","2013-10-04","4","10","4","2013","Fri Oct 04 07:42:31 GMT+01:00 2013"
"2470","2013-10-05","5","10","4","2013","Sat Oct 05 16:28:10 GMT+01:00 2013"
"2471","2013-10-06","6","10","4","2013","Sun Oct 06 00:44:31 GMT+01:00 2013"
"2472","2013-10-07","7","10","4","2013","Mon Oct 07 06:54:43 GMT+01:00 2013"
"2473","2013-10-08","8","10","4","2013","Tue Oct 08 02:26:37 GMT+01:00 2013"
"2474","2013-10-09","9","10","4","2013","Wed Oct 09 08:35:47 GMT+01:00 2013"
"2475","2013-10-10","10","10","4","2013","Thu Oct 10 08:18:38 GMT+01:00 2013"
"2476","2013-10-11","11","10","4","2013","Fri Oct 11 20:14:09 GMT+01:00 2013"
"2477","2013-10-12","12","10","4","2013","Sat Oct 12 10:01:37 GMT+01:00 2013"
"2478","2013-10-13","13","10","4","2013","Sun Oct 13 21:44:11 GMT+01:00 2013"
"2479","2013-10-14","14","10","4","2013","Mon Oct 14 20:50:57 GMT+01:00 2013"
"2480","2013-10-15","15","10","4","2013","Tue Oct 15 03:07:04 GMT+01:00 2013"
"2481","2013-10-16","16","10","4","2013","Wed Oct 16 12:30:21 GMT+01:00 2013"
"2482","2013-10-17","17","10","4","2013","Thu Oct 17 09:41:59 GMT+01:00 2013"
"2483","2013-10-18","18","10","4","2013","Fri Oct 18 13:02:06 GMT+01:00 2013"
"2484","2013-10-19","19","10","4","2013","Sat Oct 19 14:15:04 GMT+01:00 2013"
"2485","2013-10-20","20","10","4","2013","Sun Oct 20 02:08:21 GMT+01:00 2013"
"2486","2013-10-21","21","10","4","2013","Mon Oct 21 00:35:50 GMT+01:00 2013"
"2487","2013-10-22","22","10","4","2013","Tue Oct 22 14:06:53 GMT+01:00 2013"
"2488","2013-10-23","23","10","4","2013","Wed Oct 23 08:21:48 GMT+01:00 2013"
"2489","2013-10-24","24","10","4","2013","Thu Oct 24 16:58:10 GMT+01:00 2013"
"2490","2013-10-25","25","10","4","2013","Fri Oct 25 05:53:37 GMT+01:00 2013"
"2491","2013-10-26","26","10","4","2013","Sat Oct 26 01:09:14 GMT+01:00 2013"
"2492","2013-10-27","27","10","4","2013","Sun Oct 27 04:26:53 GMT+01:00 2013"
"2493","2013-10-28","28","10","4","2013","Mon Oct 28 01:29:49 GMT+01:00 2013"
"2494","2013-10-29","29","10","4","2013","Tue Oct 29 16:00:33 GMT+01:00 2013"
"2495","2013-10-30","30","10","4","2013","Wed Oct 30 17:18:55 GMT+01:00 2013"
"2496","2013-10-31","31","10","4","2013","Thu Oct 31 02:44:17 GMT+01:00 2013"
"2497","2013-11-01","1","11","4","2013","Fri Nov 01 16:42:36 GMT+01:00 2013"
"2498","2013-11-02","2","11","4","2013","Sat Nov 02 05:02:33 GMT+01:00 2013"
"2499","2013-11-03","3","11","4","2013","Sun Nov 03 22:53:14 GMT+01:00 2013"
"2500","2013-11-04","4","11","4","2013","Mon Nov 04 15:48:27 GMT+01:00 2013"
"2501","2013-11-05","5","11","4","2013","Tue Nov 05 22:28:10 GMT+01:00 2013"
"2502","2013-11-06","6","11","4","2013","Wed Nov 06 20:25:25 GMT+01:00 2013"
"2503","2013-11-07","7","11","4","2013","Thu Nov 07 18:02:09 GMT+01:00 2013"
"2504","2013-11-08","8","11","4","2013","Fri Nov 08 09:14:33 GMT+01:00 2013"
"2505","2013-11-09","9","11","4","2013","Sat Nov 09 10:55:06 GMT+01:00 2013"
"2506","2013-11-10","10","11","4","2013","Sun Nov 10 17:54:09 GMT+01:00 2013"
"2507","2013-11-11","11","11","4","2013","Mon Nov 11 12:25:36 GMT+01:00 2013"
"2508","2013-11-12","12","11","4","2013","Tue Nov 12 18:05:43 GMT+01:00 2013"
"2509","2013-11-13","13","11","4","2013","Wed Nov 13 18:55:06 GMT+01:00 2013"
"2510","2013-11-14","14","11","4","2013","Thu Nov 14 06:56:27 GMT+01:00 2013"
"2511","2013-11-15","15","11","4","2013","Fri Nov 15 03:28:03 GMT+01:00 2013"
"2512","2013-11-16","16","11","4","2013","Sat Nov 16 20:34:11 GMT+01:00 2013"
"2513","2013-11-17","17","11","4","2013","Sun Nov 17 07:05:01 GMT+01:00 2013"
"2514","2013-11-18","18","11","4","2013","Mon Nov 18 20:15:35 GMT+01:00 2013"
"2515","2013-11-19","19","11","4","2013","Tue Nov 19 20:27:58 GMT+01:00 2013"
"2516","2013-11-20","20","11","4","2013","Wed Nov 20 12:33:55 GMT+01:00 2013"
"2517","2013-11-21","21","11","4","2013","Thu Nov 21 10:37:25 GMT+01:00 2013"
"2518","2013-11-22","22","11","4","2013","Fri Nov 22 02:14:28 GMT+01:00 2013"
"2519","2013-11-23","23","11","4","2013","Sat Nov 23 18:38:56 GMT+01:00 2013"
"2520","2013-11-24","24","11","4","2013","Sun Nov 24 02:04:43 GMT+01:00 2013"
"2521","2013-11-25","25","11","4","2013","Mon Nov 25 20:24:46 GMT+01:00 2013"
"2522","2013-11-26","26","11","4","2013","Tue Nov 26 19:21:37 GMT+01:00 2013"
"2523","2013-11-27","27","11","4","2013","Wed Nov 27 22:58:29 GMT+01:00 2013"
"2524","2013-11-28","28","11","4","2013","Thu Nov 28 01:39:29 GMT+01:00 2013"
"2525","2013-11-29","29","11","4","2013","Fri Nov 29 02:50:09 GMT+01:00 2013"
"2526","2013-11-30","30","11","4","2013","Sat Nov 30 10:06:49 GMT+01:00 2013"
"2527","2013-12-01","1","12","4","2013","Sun Dec 01 00:55:27 GMT+01:00 2013"
"2528","2013-12-02","2","12","4","2013","Mon Dec 02 19:51:47 GMT+01:00 2013"
"2529","2013-12-03","3","12","4","2013","Tue Dec 03 13:15:23 GMT+01:00 2013"
"2530","2013-12-04","4","12","4","2013","Wed Dec 04 11:25:35 GMT+01:00 2013"
"2531","2013-12-05","5","12","4","2013","Thu Dec 05 06:16:41 GMT+01:00 2013"
"2532","2013-12-06","6","12","4","2013","Fri Dec 06 22:20:52 GMT+01:00 2013"
"2533","2013-12-07","7","12","4","2013","Sat Dec 07 15:42:55 GMT+01:00 2013"
"2534","2013-12-08","8","12","4","2013","Sun Dec 08 06:46:07 GMT+01:00 2013"
"2535","2013-12-09","9","12","4","2013","Mon Dec 09 19:55:36 GMT+01:00 2013"
"2536","2013-12-10","10","12","4","2013","Tue Dec 10 18:07:28 GMT+01:00 2013"
"2537","2013-12-11","11","12","4","2013","Wed Dec 11 03:18:09 GMT+01:00 2013"
"2538","2013-12-12","12","12","4","2013","Thu Dec 12 09:05:24 GMT+01:00 2013"
"2539","2013-12-13","13","12","4","2013","Fri Dec 13 07:11:58 GMT+01:00 2013"
"2540","2013-12-14","14","12","4","2013","Sat Dec 14 11:54:01 GMT+01:00 2013"
"2541","2013-12-15","15","12","4","2013","Sun Dec 15 19:08:30 GMT+01:00 2013"
"2542","2013-12-16","16","12","4","2013","Mon Dec 16 14:40:40 GMT+01:00 2013"
"2543","2013-12-17","17","12","4","2013","Tue Dec 17 22:53:08 GMT+01:00 2013"
"2544","2013-12-18","18","12","4","2013","Wed Dec 18 23:35:30 GMT+01:00 2013"
"2545","2013-12-19","19","12","4","2013","Thu Dec 19 12:22:33 GMT+01:00 2013"
"2546","2013-12-20","20","12","4","2013","Fri Dec 20 05:28:39 GMT+01:00 2013"
"2547","2013-12-21","21","12","4","2013","Sat Dec 21 16:04:08 GMT+01:00 2013"
"2548","2013-12-22","22","12","4","2013","Sun Dec 22 12:07:20 GMT+01:00 2013"
"2549","2013-12-23","23","12","4","2013","Mon Dec 23 15:28:28 GMT+01:00 2013"
"2550","2013-12-24","24","12","4","2013","Tue Dec 24 15:12:50 GMT+01:00 2013"
"2551","2013-12-25","25","12","4","2013","Wed Dec 25 16:14:12 GMT+01:00 2013"
"2552","2013-12-26","26","12","4","2013","Thu Dec 26 00:10:34 GMT+01:00 2013"
"2553","2013-12-27","27","12","4","2013","Fri Dec 27 05:55:11 GMT+01:00 2013"
"2554","2013-12-28","28","12","4","2013","Sat Dec 28 12:58:36 GMT+01:00 2013"
"2555","2013-12-29","29","12","4","2013","Sun Dec 29 16:55:20 GMT+01:00 2013"
"2556","2013-12-30","30","12","4","2013","Mon Dec 30 06:46:37 GMT+01:00 2013"
"2557","2013-12-31","31","12","4","2013","Tue Dec 31 08:18:16 GMT+01:00 2013"
"2558","2014-01-01","1","1","1","2014","Wed Jan 01 08:51:03 GMT+01:00 2014"
"2559","2014-01-02","2","1","1","2014","Thu Jan 02 03:26:41 GMT+01:00 2014"
"2560","2014-01-03","3","1","1","2014","Fri Jan 03 00:11:25 GMT+01:00 2014"
"2561","2014-01-04","4","1","1","2014","Sat Jan 04 23:09:18 GMT+01:00 2014"
"2562","2014-01-05","5","1","1","2014","Sun Jan 05 13:30:26 GMT+01:00 2014"
"2563","2014-01-06","6","1","1","2014","Mon Jan 06 17:57:00 GMT+01:00 2014"
"2564","2014-01-07","7","1","1","2014","Tue Jan 07 11:14:21 GMT+01:00 2014"
"2565","2014-01-08","8","1","1","2014","Wed Jan 08 18:17:53 GMT+01:00 2014"
"2566","2014-01-09","9","1","1","2014","Thu Jan 09 19:31:02 GMT+01:00 2014"
"2567","2014-01-10","10","1","1","2014","Fri Jan 10 02:27:24 GMT+01:00 2014"
"2568","2014-01-11","11","1","1","2014","Sat Jan 11 01:56:02 GMT+01:00 2014"
"2569","2014-01-12","12","1","1","2014","Sun Jan 12 09:07:59 GMT+01:00 2014"
"2570","2014-01-13","13","1","1","2014","Mon Jan 13 13:08:26 GMT+01:00 2014"
"2571","2014-01-14","14","1","1","2014","Tue Jan 14 08:00:41 GMT+01:00 2014"
"2572","2014-01-15","15","1","1","2014","Wed Jan 15 10:46:55 GMT+01:00 2014"
"2573","2014-01-16","16","1","1","2014","Thu Jan 16 05:18:20 GMT+01:00 2014"
"2574","2014-01-17","17","1","1","2014","Fri Jan 17 09:56:06 GMT+01:00 2014"
"2575","2014-01-18","18","1","1","2014","Sat Jan 18 12:19:05 GMT+01:00 2014"
"2576","2014-01-19","19","1","1","2014","Sun Jan 19 07:37:54 GMT+01:00 2014"
"2577","2014-01-20","20","1","1","2014","Mon Jan 20 06:11:44 GMT+01:00 2014"
"2578","2014-01-21","21","1","1","2014","Tue Jan 21 04:20:33 GMT+01:00 2014"
"2579","2014-01-22","22","1","1","2014","Wed Jan 22 03:53:49 GMT+01:00 2014"
"2580","2014-01-23","23","1","1","2014","Thu Jan 23 06:50:19 GMT+01:00 2014"
"2581","2014-01-24","24","1","1","2014","Fri Jan 24 14:39:07 GMT+01:00 2014"
"2582","2014-01-25","25","1","1","2014","Sat Jan 25 08:40:07 GMT+01:00 2014"
"2583","2014-01-26","26","1","1","2014","Sun Jan 26 06:43:23 GMT+01:00 2014"
"2584","2014-01-27","27","1","1","2014","Mon Jan 27 05:47:55 GMT+01:00 2014"
"2585","2014-01-28","28","1","1","2014","Tue Jan 28 19:46:12 GMT+01:00 2014"
"2586","2014-01-29","29","1","1","2014","Wed Jan 29 08:09:08 GMT+01:00 2014"
"2587","2014-01-30","30","1","1","2014","Thu Jan 30 14:17:00 GMT+01:00 2014"
"2588","2014-01-31","31","1","1","2014","Fri Jan 31 16:52:13 GMT+01:00 2014"
"2589","2014-02-01","1","2","1","2014","Sat Feb 01 21:48:25 GMT+01:00 2014"
"2590","2014-02-02","2","2","1","2014","Sun Feb 02 21:12:49 GMT+01:00 2014"
"2591","2014-02-03","3","2","1","2014","Mon Feb 03 11:58:40 GMT+01:00 2014"
"2592","2014-02-04","4","2","1","2014","Tue Feb 04 10:35:27 GMT+01:00 2014"
"2593","2014-02-05","5","2","1","2014","Wed Feb 05 02:37:52 GMT+01:00 2014"
"2594","2014-02-06","6","2","1","2014","Thu Feb 06 15:20:55 GMT+01:00 2014"
"2595","2014-02-07","7","2","1","2014","Fri Feb 07 18:00:58 GMT+01:00 2014"
"2596","2014-02-08","8","2","1","2014","Sat Feb 08 22:35:17 GMT+01:00 2014"
"2597","2014-02-09","9","2","1","2014","Sun Feb 09 02:46:44 GMT+01:00 2014"
"2598","2014-02-10","10","2","1","2014","Mon Feb 10 11:56:43 GMT+01:00 2014"
"2599","2014-02-11","11","2","1","2014","Tue Feb 11 04:49:36 GMT+01:00 2014"
"2600","2014-02-12","12","2","1","2014","Wed Feb 12 00:31:52 GMT+01:00 2014"
"2601","2014-02-13","13","2","1","2014","Thu Feb 13 09:19:28 GMT+01:00 2014"
"2602","2014-02-14","14","2","1","2014","Fri Feb 14 10:53:58 GMT+01:00 2014"
"2603","2014-02-15","15","2","1","2014","Sat Feb 15 20:49:31 GMT+01:00 2014"
"2604","2014-02-16","16","2","1","2014","Sun Feb 16 17:40:01 GMT+01:00 2014"
"2605","2014-02-17","17","2","1","2014","Mon Feb 17 07:44:05 GMT+01:00 2014"
"2606","2014-02-18","18","2","1","2014","Tue Feb 18 12:41:38 GMT+01:00 2014"
"2607","2014-02-19","19","2","1","2014","Wed Feb 19 12:25:08 GMT+01:00 2014"
"2608","2014-02-20","20","2","1","2014","Thu Feb 20 19:34:38 GMT+01:00 2014"
"2609","2014-02-21","21","2","1","2014","Fri Feb 21 18:08:37 GMT+01:00 2014"
"2610","2014-02-22","22","2","1","2014","Sat Feb 22 10:33:28 GMT+01:00 2014"
"2611","2014-02-23","23","2","1","2014","Sun Feb 23 16:41:41 GMT+01:00 2014"
"2612","2014-02-24","24","2","1","2014","Mon Feb 24 21:40:15 GMT+01:00 2014"
"2613","2014-02-25","25","2","1","2014","Tue Feb 25 05:51:52 GMT+01:00 2014"
"2614","2014-02-26","26","2","1","2014","Wed Feb 26 08:01:00 GMT+01:00 2014"
"2615","2014-02-27","27","2","1","2014","Thu Feb 27 04:24:19 GMT+01:00 2014"
"2616","2014-02-28","28","2","1","2014","Fri Feb 28 22:30:32 GMT+01:00 2014"
"2617","2014-03-01","1","3","1","2014","Sat Mar 01 14:34:39 GMT+01:00 2014"
"2618","2014-03-02","2","3","1","2014","Sun Mar 02 07:36:34 GMT+01:00 2014"
"2619","2014-03-03","3","3","1","2014","Mon Mar 03 06:06:49 GMT+01:00 2014"
"2620","2014-03-04","4","3","1","2014","Tue Mar 04 03:25:24 GMT+01:00 2014"
"2621","2014-03-05","5","3","1","2014","Wed Mar 05 12:53:16 GMT+01:00 2014"
"2622","2014-03-06","6","3","1","2014","Thu Mar 06 21:25:59 GMT+01:00 2014"
"2623","2014-03-07","7","3","1","2014","Fri Mar 07 10:36:33 GMT+01:00 2014"
"2624","2014-03-08","8","3","1","2014","Sat Mar 08 00:03:12 GMT+01:00 2014"
"2625","2014-03-09","9","3","1","2014","Sun Mar 09 03:46:41 GMT+01:00 2014"
"2626","2014-03-10","10","3","1","2014","Mon Mar 10 14:55:19 GMT+01:00 2014"
"2627","2014-03-11","11","3","1","2014","Tue Mar 11 02:51:59 GMT+01:00 2014"
"2628","2014-03-12","12","3","1","2014","Wed Mar 12 02:39:50 GMT+01:00 2014"
"2629","2014-03-13","13","3","1","2014","Thu Mar 13 05:18:44 GMT+01:00 2014"
"2630","2014-03-14","14","3","1","2014","Fri Mar 14 13:43:50 GMT+01:00 2014"
"2631","2014-03-15","15","3","1","2014","Sat Mar 15 08:58:12 GMT+01:00 2014"
"2632","2014-03-16","16","3","1","2014","Sun Mar 16 07:58:57 GMT+01:00 2014"
"2633","2014-03-17","17","3","1","2014","Mon Mar 17 11:16:25 GMT+01:00 2014"
"2634","2014-03-18","18","3","1","2014","Tue Mar 18 19:24:03 GMT+01:00 2014"
"2635","2014-03-19","19","3","1","2014","Wed Mar 19 12:12:39 GMT+01:00 2014"
"2636","2014-03-20","20","3","1","2014","Thu Mar 20 14:00:28 GMT+01:00 2014"
"2637","2014-03-21","21","3","1","2014","Fri Mar 21 14:21:06 GMT+01:00 2014"
"2638","2014-03-22","22","3","1","2014","Sat Mar 22 15:51:54 GMT+01:00 2014"
"2639","2014-03-23","23","3","1","2014","Sun Mar 23 09:48:13 GMT+01:00 2014"
"2640","2014-03-24","24","3","1","2014","Mon Mar 24 14:11:40 GMT+01:00 2014"
"2641","2014-03-25","25","3","1","2014","Tue Mar 25 08:28:16 GMT+01:00 2014"
"2642","2014-03-26","26","3","1","2014","Wed Mar 26 20:47:48 GMT+01:00 2014"
"2643","2014-03-27","27","3","1","2014","Thu Mar 27 23:43:26 GMT+01:00 2014"
"2644","2014-03-28","28","3","1","2014","Fri Mar 28 14:20:36 GMT+01:00 2014"
"2645","2014-03-29","29","3","1","2014","Sat Mar 29 19:15:56 GMT+01:00 2014"
"2646","2014-03-30","30","3","1","2014","Sun Mar 30 09:24:27 GMT+01:00 2014"
"2647","2014-03-31","31","3","1","2014","Mon Mar 31 11:10:56 GMT+01:00 2014"
"2648","2014-04-01","1","4","2","2014","Tue Apr 01 21:46:20 GMT+01:00 2014"
"2649","2014-04-02","2","4","2","2014","Wed Apr 02 21:25:09 GMT+01:00 2014"
"2650","2014-04-03","3","4","2","2014","Thu Apr 03 18:09:13 GMT+01:00 2014"
"2651","2014-04-04","4","4","2","2014","Fri Apr 04 15:35:15 GMT+01:00 2014"
"2652","2014-04-05","5","4","2","2014","Sat Apr 05 03:41:00 GMT+01:00 2014"
"2653","2014-04-06","6","4","2","2014","Sun Apr 06 18:55:11 GMT+01:00 2014"
"2654","2014-04-07","7","4","2","2014","Mon Apr 07 19:30:06 GMT+01:00 2014"
"2655","2014-04-08","8","4","2","2014","Tue Apr 08 03:52:30 GMT+01:00 2014"
"2656","2014-04-09","9","4","2","2014","Wed Apr 09 10:33:01 GMT+01:00 2014"
"2657","2014-04-10","10","4","2","2014","Thu Apr 10 17:23:16 GMT+01:00 2014"
"2658","2014-04-11","11","4","2","2014","Fri Apr 11 00:18:35 GMT+01:00 2014"
"2659","2014-04-12","12","4","2","2014","Sat Apr 12 11:02:36 GMT+01:00 2014"
"2660","2014-04-13","13","4","2","2014","Sun Apr 13 20:08:29 GMT+01:00 2014"
"2661","2014-04-14","14","4","2","2014","Mon Apr 14 16:25:26 GMT+01:00 2014"
"2662","2014-04-15","15","4","2","2014","Tue Apr 15 15:03:19 GMT+01:00 2014"
"2663","2014-04-16","16","4","2","2014","Wed Apr 16 04:18:21 GMT+01:00 2014"
"2664","2014-04-17","17","4","2","2014","Thu Apr 17 12:01:14 GMT+01:00 2014"
"2665","2014-04-18","18","4","2","2014","Fri Apr 18 03:04:52 GMT+01:00 2014"
"2666","2014-04-19","19","4","2","2014","Sat Apr 19 18:48:51 GMT+01:00 2014"
"2667","2014-04-20","20","4","2","2014","Sun Apr 20 00:37:04 GMT+01:00 2014"
"2668","2014-04-21","21","4","2","2014","Mon Apr 21 02:23:29 GMT+01:00 2014"
"2669","2014-04-22","22","4","2","2014","Tue Apr 22 16:13:21 GMT+01:00 2014"
"2670","2014-04-23","23","4","2","2014","Wed Apr 23 02:03:57 GMT+01:00 2014"
"2671","2014-04-24","24","4","2","2014","Thu Apr 24 03:56:46 GMT+01:00 2014"
"2672","2014-04-25","25","4","2","2014","Fri Apr 25 08:15:18 GMT+01:00 2014"
"2673","2014-04-26","26","4","2","2014","Sat Apr 26 13:49:38 GMT+01:00 2014"
"2674","2014-04-27","27","4","2","2014","Sun Apr 27 00:52:21 GMT+01:00 2014"
"2675","2014-04-28","28","4","2","2014","Mon Apr 28 16:01:25 GMT+01:00 2014"
"2676","2014-04-29","29","4","2","2014","Tue Apr 29 18:36:48 GMT+01:00 2014"
"2677","2014-04-30","30","4","2","2014","Wed Apr 30 01:20:21 GMT+01:00 2014"
"2678","2014-05-01","1","5","2","2014","Thu May 01 06:11:18 GMT+01:00 2014"
"2679","2014-05-02","2","5","2","2014","Fri May 02 21:04:55 GMT+01:00 2014"
"2680","2014-05-03","3","5","2","2014","Sat May 03 16:31:50 GMT+01:00 2014"
"2681","2014-05-04","4","5","2","2014","Sun May 04 21:31:02 GMT+01:00 2014"
"2682","2014-05-05","5","5","2","2014","Mon May 05 10:06:12 GMT+01:00 2014"
"2683","2014-05-06","6","5","2","2014","Tue May 06 01:11:17 GMT+01:00 2014"
"2684","2014-05-07","7","5","2","2014","Wed May 07 06:22:58 GMT+01:00 2014"
"2685","2014-05-08","8","5","2","2014","Thu May 08 20:04:56 GMT+01:00 2014"
"2686","2014-05-09","9","5","2","2014","Fri May 09 03:22:39 GMT+01:00 2014"
"2687","2014-05-10","10","5","2","2014","Sat May 10 23:45:02 GMT+01:00 2014"
"2688","2014-05-11","11","5","2","2014","Sun May 11 01:25:42 GMT+01:00 2014"
"2689","2014-05-12","12","5","2","2014","Mon May 12 12:42:35 GMT+01:00 2014"
"2690","2014-05-13","13","5","2","2014","Tue May 13 10:58:43 GMT+01:00 2014"
"2691","2014-05-14","14","5","2","2014","Wed May 14 08:05:02 GMT+01:00 2014"
"2692","2014-05-15","15","5","2","2014","Thu May 15 14:46:12 GMT+01:00 2014"
"2693","2014-05-16","16","5","2","2014","Fri May 16 18:04:10 GMT+01:00 2014"
"2694","2014-05-17","17","5","2","2014","Sat May 17 22:11:37 GMT+01:00 2014"
"2695","2014-05-18","18","5","2","2014","Sun May 18 00:32:26 GMT+01:00 2014"
"2696","2014-05-19","19","5","2","2014","Mon May 19 23:26:38 GMT+01:00 2014"
"2697","2014-05-20","20","5","2","2014","Tue May 20 11:05:13 GMT+01:00 2014"
"2698","2014-05-21","21","5","2","2014","Wed May 21 23:39:31 GMT+01:00 2014"
"2699","2014-05-22","22","5","2","2014","Thu May 22 14:52:15 GMT+01:00 2014"
"2700","2014-05-23","23","5","2","2014","Fri May 23 10:23:35 GMT+01:00 2014"
"2701","2014-05-24","24","5","2","2014","Sat May 24 11:02:54 GMT+01:00 2014"
"2702","2014-05-25","25","5","2","2014","Sun May 25 10:08:27 GMT+01:00 2014"
"2703","2014-05-26","26","5","2","2014","Mon May 26 20:26:42 GMT+01:00 2014"
"2704","2014-05-27","27","5","2","2014","Tue May 27 21:56:53 GMT+01:00 2014"
"2705","2014-05-28","28","5","2","2014","Wed May 28 07:42:19 GMT+01:00 2014"
"2706","2014-05-29","29","5","2","2014","Thu May 29 19:54:30 GMT+01:00 2014"
"2707","2014-05-30","30","5","2","2014","Fri May 30 22:32:25 GMT+01:00 2014"
"2708","2014-05-31","31","5","2","2014","Sat May 31 16:44:48 GMT+01:00 2014"
"2709","2014-06-01","1","6","2","2014","Sun Jun 01 04:28:01 GMT+01:00 2014"
"2710","2014-06-02","2","6","2","2014","Mon Jun 02 02:33:59 GMT+01:00 2014"
"2711","2014-06-03","3","6","2","2014","Tue Jun 03 10:07:56 GMT+01:00 2014"
"2712","2014-06-04","4","6","2","2014","Wed Jun 04 11:43:51 GMT+01:00 2014"
"2713","2014-06-05","5","6","2","2014","Thu Jun 05 21:54:50 GMT+01:00 2014"
"2714","2014-06-06","6","6","2","2014","Fri Jun 06 04:47:57 GMT+01:00 2014"
"2715","2014-06-07","7","6","2","2014","Sat Jun 07 12:37:59 GMT+01:00 2014"
"2716","2014-06-08","8","6","2","2014","Sun Jun 08 21:47:36 GMT+01:00 2014"
"2717","2014-06-09","9","6","2","2014","Mon Jun 09 12:04:19 GMT+01:00 2014"
"2718","2014-06-10","10","6","2","2014","Tue Jun 10 07:14:40 GMT+01:00 2014"
"2719","2014-06-11","11","6","2","2014","Wed Jun 11 23:50:18 GMT+01:00 2014"
"2720","2014-06-12","12","6","2","2014","Thu Jun 12 16:55:14 GMT+01:00 2014"
"2721","2014-06-13","13","6","2","2014","Fri Jun 13 22:38:39 GMT+01:00 2014"
"2722","2014-06-14","14","6","2","2014","Sat Jun 14 22:49:30 GMT+01:00 2014"
"2723","2014-06-15","15","6","2","2014","Sun Jun 15 05:12:04 GMT+01:00 2014"
"2724","2014-06-16","16","6","2","2014","Mon Jun 16 03:43:42 GMT+01:00 2014"
"2725","2014-06-17","17","6","2","2014","Tue Jun 17 05:49:31 GMT+01:00 2014"
"2726","2014-06-18","18","6","2","2014","Wed Jun 18 00:18:48 GMT+01:00 2014"
"2727","2014-06-19","19","6","2","2014","Thu Jun 19 19:02:35 GMT+01:00 2014"
"2728","2014-06-20","20","6","2","2014","Fri Jun 20 20:35:37 GMT+01:00 2014"
"2729","2014-06-21","21","6","2","2014","Sat Jun 21 03:37:59 GMT+01:00 2014"
"2730","2014-06-22","22","6","2","2014","Sun Jun 22 12:07:46 GMT+01:00 2014"
"2731","2014-06-23","23","6","2","2014","Mon Jun 23 04:57:03 GMT+01:00 2014"
"2732","2014-06-24","24","6","2","2014","Tue Jun 24 06:09:50 GMT+01:00 2014"
"2733","2014-06-25","25","6","2","2014","Wed Jun 25 11:17:15 GMT+01:00 2014"
"2734","2014-06-26","26","6","2","2014","Thu Jun 26 01:35:30 GMT+01:00 2014"
"2735","2014-06-27","27","6","2","2014","Fri Jun 27 12:39:47 GMT+01:00 2014"
"2736","2014-06-28","28","6","2","2014","Sat Jun 28 00:53:48 GMT+01:00 2014"
"2737","2014-06-29","29","6","2","2014","Sun Jun 29 06:28:58 GMT+01:00 2014"
"2738","2014-06-30","30","6","2","2014","Mon Jun 30 16:22:31 GMT+01:00 2014"
"2739","2014-07-01","1","7","3","2014","Tue Jul 01 14:48:20 GMT+01:00 2014"
"2740","2014-07-02","2","7","3","2014","Wed Jul 02 23:28:13 GMT+01:00 2014"
"2741","2014-07-03","3","7","3","2014","Thu Jul 03 20:20:43 GMT+01:00 2014"
"2742","2014-07-04","4","7","3","2014","Fri Jul 04 18:58:28 GMT+01:00 2014"
"2743","2014-07-05","5","7","3","2014","Sat Jul 05 18:17:22 GMT+01:00 2014"
"2744","2014-07-06","6","7","3","2014","Sun Jul 06 12:33:01 GMT+01:00 2014"
"2745","2014-07-07","7","7","3","2014","Mon Jul 07 14:09:53 GMT+01:00 2014"
"2746","2014-07-08","8","7","3","2014","Tue Jul 08 22:01:21 GMT+01:00 2014"
"2747","2014-07-09","9","7","3","2014","Wed Jul 09 01:52:30 GMT+01:00 2014"
"2748","2014-07-10","10","7","3","2014","Thu Jul 10 19:14:29 GMT+01:00 2014"
"2749","2014-07-11","11","7","3","2014","Fri Jul 11 18:58:50 GMT+01:00 2014"
"2750","2014-07-12","12","7","3","2014","Sat Jul 12 02:31:49 GMT+01:00 2014"
"2751","2014-07-13","13","7","3","2014","Sun Jul 13 10:27:13 GMT+01:00 2014"
"2752","2014-07-14","14","7","3","2014","Mon Jul 14 13:06:29 GMT+01:00 2014"
"2753","2014-07-15","15","7","3","2014","Tue Jul 15 18:02:21 GMT+01:00 2014"
"2754","2014-07-16","16","7","3","2014","Wed Jul 16 21:13:21 GMT+01:00 2014"
"2755","2014-07-17","17","7","3","2014","Thu Jul 17 17:26:32 GMT+01:00 2014"
"2756","2014-07-18","18","7","3","2014","Fri Jul 18 18:39:53 GMT+01:00 2014"
"2757","2014-07-19","19","7","3","2014","Sat Jul 19 15:38:59 GMT+01:00 2014"
"2758","2014-07-20","20","7","3","2014","Sun Jul 20 16:35:07 GMT+01:00 2014"
"2759","2014-07-21","21","7","3","2014","Mon Jul 21 08:54:22 GMT+01:00 2014"
"2760","2014-07-22","22","7","3","2014","Tue Jul 22 17:39:00 GMT+01:00 2014"
"2761","2014-07-23","23","7","3","2014","Wed Jul 23 18:26:09 GMT+01:00 2014"
"2762","2014-07-24","24","7","3","2014","Thu Jul 24 02:34:41 GMT+01:00 2014"
"2763","2014-07-25","25","7","3","2014","Fri Jul 25 21:58:17 GMT+01:00 2014"
"2764","2014-07-26","26","7","3","2014","Sat Jul 26 10:28:00 GMT+01:00 2014"
"2765","2014-07-27","27","7","3","2014","Sun Jul 27 12:22:25 GMT+01:00 2014"
"2766","2014-07-28","28","7","3","2014","Mon Jul 28 15:21:09 GMT+01:00 2014"
"2767","2014-07-29","29","7","3","2014","Tue Jul 29 03:50:56 GMT+01:00 2014"
"2768","2014-07-30","30","7","3","2014","Wed Jul 30 00:17:54 GMT+01:00 2014"
"2769","2014-07-31","31","7","3","2014","Thu Jul 31 10:07:26 GMT+01:00 2014"
"2770","2014-08-01","1","8","3","2014","Fri Aug 01 22:32:58 GMT+01:00 2014"
"2771","2014-08-02","2","8","3","2014","Sat Aug 02 09:25:41 GMT+01:00 2014"
"2772","2014-08-03","3","8","3","2014","Sun Aug 03 06:20:56 GMT+01:00 2014"
"2773","2014-08-04","4","8","3","2014","Mon Aug 04 13:21:20 GMT+01:00 2014"
"2774","2014-08-05","5","8","3","2014","Tue Aug 05 16:46:54 GMT+01:00 2014"
"2775","2014-08-06","6","8","3","2014","Wed Aug 06 09:23:31 GMT+01:00 2014"
"2776","2014-08-07","7","8","3","2014","Thu Aug 07 08:17:57 GMT+01:00 2014"
"2777","2014-08-08","8","8","3","2014","Fri Aug 08 10:36:27 GMT+01:00 2014"
"2778","2014-08-09","9","8","3","2014","Sat Aug 09 04:09:32 GMT+01:00 2014"
"2779","2014-08-10","10","8","3","2014","Sun Aug 10 02:37:34 GMT+01:00 2014"
"2780","2014-08-11","11","8","3","2014","Mon Aug 11 15:37:40 GMT+01:00 2014"
"2781","2014-08-12","12","8","3","2014","Tue Aug 12 11:31:46 GMT+01:00 2014"
"2782","2014-08-13","13","8","3","2014","Wed Aug 13 08:46:17 GMT+01:00 2014"
"2783","2014-08-14","14","8","3","2014","Thu Aug 14 02:06:58 GMT+01:00 2014"
"2784","2014-08-15","15","8","3","2014","Fri Aug 15 12:00:52 GMT+01:00 2014"
"2785","2014-08-16","16","8","3","2014","Sat Aug 16 11:40:24 GMT+01:00 2014"
"2786","2014-08-17","17","8","3","2014","Sun Aug 17 16:25:34 GMT+01:00 2014"
"2787","2014-08-18","18","8","3","2014","Mon Aug 18 18:01:40 GMT+01:00 2014"
"2788","2014-08-19","19","8","3","2014","Tue Aug 19 00:49:36 GMT+01:00 2014"
"2789","2014-08-20","20","8","3","2014","Wed Aug 20 02:19:52 GMT+01:00 2014"
"2790","2014-08-21","21","8","3","2014","Thu Aug 21 17:12:06 GMT+01:00 2014"
"2791","2014-08-22","22","8","3","2014","Fri Aug 22 02:14:06 GMT+01:00 2014"
"2792","2014-08-23","23","8","3","2014","Sat Aug 23 16:41:16 GMT+01:00 2014"
"2793","2014-08-24","24","8","3","2014","Sun Aug 24 14:52:16 GMT+01:00 2014"
"2794","2014-08-25","25","8","3","2014","Mon Aug 25 15:51:02 GMT+01:00 2014"
"2795","2014-08-26","26","8","3","2014","Tue Aug 26 10:17:50 GMT+01:00 2014"
"2796","2014-08-27","27","8","3","2014","Wed Aug 27 04:38:10 GMT+01:00 2014"
"2797","2014-08-28","28","8","3","2014","Thu Aug 28 18:06:43 GMT+01:00 2014"
"2798","2014-08-29","29","8","3","2014","Fri Aug 29 16:49:23 GMT+01:00 2014"
"2799","2014-08-30","30","8","3","2014","Sat Aug 30 10:12:43 GMT+01:00 2014"
"2800","2014-08-31","31","8","3","2014","Sun Aug 31 19:45:44 GMT+01:00 2014"
"2801","2014-09-01","1","9","3","2014","Mon Sep 01 14:47:06 GMT+01:00 2014"
"2802","2014-09-02","2","9","3","2014","Tue Sep 02 02:38:26 GMT+01:00 2014"
"2803","2014-09-03","3","9","3","2014","Wed Sep 03 10:27:16 GMT+01:00 2014"
"2804","2014-09-04","4","9","3","2014","Thu Sep 04 20:10:50 GMT+01:00 2014"
"2805","2014-09-05","5","9","3","2014","Fri Sep 05 04:52:16 GMT+01:00 2014"
"2806","2014-09-06","6","9","3","2014","Sat Sep 06 17:00:45 GMT+01:00 2014"
"2807","2014-09-07","7","9","3","2014","Sun Sep 07 19:45:09 GMT+01:00 2014"
"2808","2014-09-08","8","9","3","2014","Mon Sep 08 16:14:06 GMT+01:00 2014"
"2809","2014-09-09","9","9","3","2014","Tue Sep 09 02:03:04 GMT+01:00 2014"
"2810","2014-09-10","10","9","3","2014","Wed Sep 10 10:49:42 GMT+01:00 2014"
"2811","2014-09-11","11","9","3","2014","Thu Sep 11 09:58:46 GMT+01:00 2014"
"2812","2014-09-12","12","9","3","2014","Fri Sep 12 23:31:52 GMT+01:00 2014"
"2813","2014-09-13","13","9","3","2014","Sat Sep 13 06:02:56 GMT+01:00 2014"
"2814","2014-09-14","14","9","3","2014","Sun Sep 14 04:38:51 GMT+01:00 2014"
"2815","2014-09-15","15","9","3","2014","Mon Sep 15 20:08:52 GMT+01:00 2014"
"2816","2014-09-16","16","9","3","2014","Tue Sep 16 12:47:34 GMT+01:00 2014"
"2817","2014-09-17","17","9","3","2014","Wed Sep 17 03:57:46 GMT+01:00 2014"
"2818","2014-09-18","18","9","3","2014","Thu Sep 18 18:41:19 GMT+01:00 2014"
"2819","2014-09-19","19","9","3","2014","Fri Sep 19 20:49:36 GMT+01:00 2014"
"2820","2014-09-20","20","9","3","2014","Sat Sep 20 20:33:40 GMT+01:00 2014"
"2821","2014-09-21","21","9","3","2014","Sun Sep 21 15:02:22 GMT+01:00 2014"
"2822","2014-09-22","22","9","3","2014","Mon Sep 22 01:22:11 GMT+01:00 2014"
"2823","2014-09-23","23","9","3","2014","Tue Sep 23 02:12:39 GMT+01:00 2014"
"2824","2014-09-24","24","9","3","2014","Wed Sep 24 17:39:56 GMT+01:00 2014"
"2825","2014-09-25","25","9","3","2014","Thu Sep 25 05:20:53 GMT+01:00 2014"
"2826","2014-09-26","26","9","3","2014","Fri Sep 26 09:29:09 GMT+01:00 2014"
"2827","2014-09-27","27","9","3","2014","Sat Sep 27 03:30:06 GMT+01:00 2014"
"2828","2014-09-28","28","9","3","2014","Sun Sep 28 11:51:13 GMT+01:00 2014"
"2829","2014-09-29","29","9","3","2014","Mon Sep 29 06:45:07 GMT+01:00 2014"
"2830","2014-09-30","30","9","3","2014","Tue Sep 30 21:50:40 GMT+01:00 2014"
"2831","2014-10-01","1","10","4","2014","Wed Oct 01 20:36:44 GMT+01:00 2014"
"2832","2014-10-02","2","10","4","2014","Thu Oct 02 06:50:07 GMT+01:00 2014"
"2833","2014-10-03","3","10","4","2014","Fri Oct 03 10:46:48 GMT+01:00 2014"
"2834","2014-10-04","4","10","4","2014","Sat Oct 04 21:18:08 GMT+01:00 2014"
"2835","2014-10-05","5","10","4","2014","Sun Oct 05 04:20:05 GMT+01:00 2014"
"2836","2014-10-06","6","10","4","2014","Mon Oct 06 07:17:43 GMT+01:00 2014"
"2837","2014-10-07","7","10","4","2014","Tue Oct 07 16:46:38 GMT+01:00 2014"
"2838","2014-10-08","8","10","4","2014","Wed Oct 08 09:07:42 GMT+01:00 2014"
"2839","2014-10-09","9","10","4","2014","Thu Oct 09 04:33:52 GMT+01:00 2014"
"2840","2014-10-10","10","10","4","2014","Fri Oct 10 00:23:24 GMT+01:00 2014"
"2841","2014-10-11","11","10","4","2014","Sat Oct 11 23:23:59 GMT+01:00 2014"
"2842","2014-10-12","12","10","4","2014","Sun Oct 12 15:08:23 GMT+01:00 2014"
"2843","2014-10-13","13","10","4","2014","Mon Oct 13 15:25:36 GMT+01:00 2014"
"2844","2014-10-14","14","10","4","2014","Tue Oct 14 00:51:59 GMT+01:00 2014"
"2845","2014-10-15","15","10","4","2014","Wed Oct 15 13:05:44 GMT+01:00 2014"
"2846","2014-10-16","16","10","4","2014","Thu Oct 16 09:21:34 GMT+01:00 2014"
"2847","2014-10-17","17","10","4","2014","Fri Oct 17 21:25:30 GMT+01:00 2014"
"2848","2014-10-18","18","10","4","2014","Sat Oct 18 07:12:16 GMT+01:00 2014"
"2849","2014-10-19","19","10","4","2014","Sun Oct 19 12:45:23 GMT+01:00 2014"
"2850","2014-10-20","20","10","4","2014","Mon Oct 20 10:18:03 GMT+01:00 2014"
"2851","2014-10-21","21","10","4","2014","Tue Oct 21 02:51:08 GMT+01:00 2014"
"2852","2014-10-22","22","10","4","2014","Wed Oct 22 07:09:15 GMT+01:00 2014"
"2853","2014-10-23","23","10","4","2014","Thu Oct 23 13:10:46 GMT+01:00 2014"
"2854","2014-10-24","24","10","4","2014","Fri Oct 24 08:52:45 GMT+01:00 2014"
"2855","2014-10-25","25","10","4","2014","Sat Oct 25 04:52:33 GMT+01:00 2014"
"2856","2014-10-26","26","10","4","2014","Sun Oct 26 10:29:08 GMT+01:00 2014"
"2857","2014-10-27","27","10","4","2014","Mon Oct 27 22:32:48 GMT+01:00 2014"
"2858","2014-10-28","28","10","4","2014","Tue Oct 28 04:46:07 GMT+01:00 2014"
"2859","2014-10-29","29","10","4","2014","Wed Oct 29 11:16:47 GMT+01:00 2014"
"2860","2014-10-30","30","10","4","2014","Thu Oct 30 23:53:27 GMT+01:00 2014"
"2861","2014-10-31","31","10","4","2014","Fri Oct 31 00:25:23 GMT+01:00 2014"
"2862","2014-11-01","1","11","4","2014","Sat Nov 01 18:15:26 GMT+01:00 2014"
"2863","2014-11-02","2","11","4","2014","Sun Nov 02 05:28:32 GMT+01:00 2014"
"2864","2014-11-03","3","11","4","2014","Mon Nov 03 18:29:39 GMT+01:00 2014"
"2865","2014-11-04","4","11","4","2014","Tue Nov 04 09:19:35 GMT+01:00 2014"
"2866","2014-11-05","5","11","4","2014","Wed Nov 05 17:12:29 GMT+01:00 2014"
"2867","2014-11-06","6","11","4","2014","Thu Nov 06 04:24:23 GMT+01:00 2014"
"2868","2014-11-07","7","11","4","2014","Fri Nov 07 12:38:01 GMT+01:00 2014"
"2869","2014-11-08","8","11","4","2014","Sat Nov 08 22:20:31 GMT+01:00 2014"
"2870","2014-11-09","9","11","4","2014","Sun Nov 09 13:38:08 GMT+01:00 2014"
"2871","2014-11-10","10","11","4","2014","Mon Nov 10 16:46:50 GMT+01:00 2014"
"2872","2014-11-11","11","11","4","2014","Tue Nov 11 09:00:38 GMT+01:00 2014"
"2873","2014-11-12","12","11","4","2014","Wed Nov 12 18:43:07 GMT+01:00 2014"
"2874","2014-11-13","13","11","4","2014","Thu Nov 13 16:08:19 GMT+01:00 2014"
"2875","2014-11-14","14","11","4","2014","Fri Nov 14 11:43:50 GMT+01:00 2014"
"2876","2014-11-15","15","11","4","2014","Sat Nov 15 21:57:56 GMT+01:00 2014"
"2877","2014-11-16","16","11","4","2014","Sun Nov 16 11:19:07 GMT+01:00 2014"
"2878","2014-11-17","17","11","4","2014","Mon Nov 17 16:38:09 GMT+01:00 2014"
"2879","2014-11-18","18","11","4","2014","Tue Nov 18 12:14:52 GMT+01:00 2014"
"2880","2014-11-19","19","11","4","2014","Wed Nov 19 20:16:40 GMT+01:00 2014"
"2881","2014-11-20","20","11","4","2014","Thu Nov 20 23:56:08 GMT+01:00 2014"
"2882","2014-11-21","21","11","4","2014","Fri Nov 21 15:46:13 GMT+01:00 2014"
"2883","2014-11-22","22","11","4","2014","Sat Nov 22 14:07:03 GMT+01:00 2014"
"2884","2014-11-23","23","11","4","2014","Sun Nov 23 23:49:15 GMT+01:00 2014"
"2885","2014-11-24","24","11","4","2014","Mon Nov 24 09:12:27 GMT+01:00 2014"
"2886","2014-11-25","25","11","4","2014","Tue Nov 25 22:29:14 GMT+01:00 2014"
"2887","2014-11-26","26","11","4","2014","Wed Nov 26 01:13:25 GMT+01:00 2014"
"2888","2014-11-27","27","11","4","2014","Thu Nov 27 10:20:18 GMT+01:00 2014"
"2889","2014-11-28","28","11","4","2014","Fri Nov 28 21:42:09 GMT+01:00 2014"
"2890","2014-11-29","29","11","4","2014","Sat Nov 29 06:19:39 GMT+01:00 2014"
"2891","2014-11-30","30","11","4","2014","Sun Nov 30 13:56:18 GMT+01:00 2014"
"2892","2014-12-01","1","12","4","2014","Mon Dec 01 06:53:05 GMT+01:00 2014"
"2893","2014-12-02","2","12","4","2014","Tue Dec 02 13:18:34 GMT+01:00 2014"
"2894","2014-12-03","3","12","4","2014","Wed Dec 03 15:12:24 GMT+01:00 2014"
"2895","2014-12-04","4","12","4","2014","Thu Dec 04 11:07:12 GMT+01:00 2014"
"2896","2014-12-05","5","12","4","2014","Fri Dec 05 05:07:40 GMT+01:00 2014"
"2897","2014-12-06","6","12","4","2014","Sat Dec 06 02:07:48 GMT+01:00 2014"
"2898","2014-12-07","7","12","4","2014","Sun Dec 07 18:21:41 GMT+01:00 2014"
"2899","2014-12-08","8","12","4","2014","Mon Dec 08 09:56:02 GMT+01:00 2014"
"2900","2014-12-09","9","12","4","2014","Tue Dec 09 19:54:04 GMT+01:00 2014"
"2901","2014-12-10","10","12","4","2014","Wed Dec 10 02:28:41 GMT+01:00 2014"
"2902","2014-12-11","11","12","4","2014","Thu Dec 11 06:31:26 GMT+01:00 2014"
"2903","2014-12-12","12","12","4","2014","Fri Dec 12 12:03:24 GMT+01:00 2014"
"2904","2014-12-13","13","12","4","2014","Sat Dec 13 12:32:59 GMT+01:00 2014"
"2905","2014-12-14","14","12","4","2014","Sun Dec 14 04:17:36 GMT+01:00 2014"
"2906","2014-12-15","15","12","4","2014","Mon Dec 15 11:19:27 GMT+01:00 2014"
"2907","2014-12-16","16","12","4","2014","Tue Dec 16 08:04:57 GMT+01:00 2014"
"2908","2014-12-17","17","12","4","2014","Wed Dec 17 18:15:27 GMT+01:00 2014"
"2909","2014-12-18","18","12","4","2014","Thu Dec 18 01:03:13 GMT+01:00 2014"
"2910","2014-12-19","19","12","4","2014","Fri Dec 19 07:18:47 GMT+01:00 2014"
"2911","2014-12-20","20","12","4","2014","Sat Dec 20 04:26:05 GMT+01:00 2014"
"2912","2014-12-21","21","12","4","2014","Sun Dec 21 14:26:42 GMT+01:00 2014"
"2913","2014-12-22","22","12","4","2014","Mon Dec 22 19:49:20 GMT+01:00 2014"
"2914","2014-12-23","23","12","4","2014","Tue Dec 23 19:12:51 GMT+01:00 2014"
"2915","2014-12-24","24","12","4","2014","Wed Dec 24 18:18:15 GMT+01:00 2014"
"2916","2014-12-25","25","12","4","2014","Thu Dec 25 13:57:04 GMT+01:00 2014"
"2917","2014-12-26","26","12","4","2014","Fri Dec 26 18:57:07 GMT+01:00 2014"
"2918","2014-12-27","27","12","4","2014","Sat Dec 27 09:07:26 GMT+01:00 2014"
"2919","2014-12-28","28","12","4","2014","Sun Dec 28 11:46:21 GMT+01:00 2014"
"2920","2014-12-29","29","12","4","2014","Mon Dec 29 15:29:20 GMT+01:00 2014"
"2921","2014-12-30","30","12","4","2014","Tue Dec 30 03:47:00 GMT+01:00 2014"
"2922","2014-12-31","31","12","4","2014","Wed Dec 31 23:19:54 GMT+01:00 2014"
"2923","2015-01-01","1","1","1","2015","Thu Jan 01 18:25:23 GMT+01:00 2015"
"2924","2015-01-02","2","1","1","2015","Fri Jan 02 10:04:52 GMT+01:00 2015"
"2925","2015-01-03","3","1","1","2015","Sat Jan 03 09:45:56 GMT+01:00 2015"
"2926","2015-01-04","4","1","1","2015","Sun Jan 04 14:49:33 GMT+01:00 2015"
"2927","2015-01-05","5","1","1","2015","Mon Jan 05 15:10:26 GMT+01:00 2015"
"2928","2015-01-06","6","1","1","2015","Tue Jan 06 22:37:10 GMT+01:00 2015"
"2929","2015-01-07","7","1","1","2015","Wed Jan 07 16:41:55 GMT+01:00 2015"
"2930","2015-01-08","8","1","1","2015","Thu Jan 08 19:25:03 GMT+01:00 2015"
"2931","2015-01-09","9","1","1","2015","Fri Jan 09 05:41:18 GMT+01:00 2015"
"2932","2015-01-10","10","1","1","2015","Sat Jan 10 19:41:09 GMT+01:00 2015"
"2933","2015-01-11","11","1","1","2015","Sun Jan 11 04:33:55 GMT+01:00 2015"
"2934","2015-01-12","12","1","1","2015","Mon Jan 12 14:40:29 GMT+01:00 2015"
"2935","2015-01-13","13","1","1","2015","Tue Jan 13 07:57:56 GMT+01:00 2015"
"2936","2015-01-14","14","1","1","2015","Wed Jan 14 17:41:16 GMT+01:00 2015"
"2937","2015-01-15","15","1","1","2015","Thu Jan 15 10:15:30 GMT+01:00 2015"
"2938","2015-01-16","16","1","1","2015","Fri Jan 16 21:03:48 GMT+01:00 2015"
"2939","2015-01-17","17","1","1","2015","Sat Jan 17 08:58:20 GMT+01:00 2015"
"2940","2015-01-18","18","1","1","2015","Sun Jan 18 03:33:24 GMT+01:00 2015"
"2941","2015-01-19","19","1","1","2015","Mon Jan 19 13:06:57 GMT+01:00 2015"
"2942","2015-01-20","20","1","1","2015","Tue Jan 20 06:26:10 GMT+01:00 2015"
"2943","2015-01-21","21","1","1","2015","Wed Jan 21 10:41:25 GMT+01:00 2015"
"2944","2015-01-22","22","1","1","2015","Thu Jan 22 01:09:47 GMT+01:00 2015"
"2945","2015-01-23","23","1","1","2015","Fri Jan 23 21:43:23 GMT+01:00 2015"
"2946","2015-01-24","24","1","1","2015","Sat Jan 24 09:27:11 GMT+01:00 2015"
"2947","2015-01-25","25","1","1","2015","Sun Jan 25 03:22:17 GMT+01:00 2015"
"2948","2015-01-26","26","1","1","2015","Mon Jan 26 01:51:30 GMT+01:00 2015"
"2949","2015-01-27","27","1","1","2015","Tue Jan 27 22:49:58 GMT+01:00 2015"
"2950","2015-01-28","28","1","1","2015","Wed Jan 28 09:34:24 GMT+01:00 2015"
"2951","2015-01-29","29","1","1","2015","Thu Jan 29 21:24:45 GMT+01:00 2015"
"2952","2015-01-30","30","1","1","2015","Fri Jan 30 21:55:09 GMT+01:00 2015"
"2953","2015-01-31","31","1","1","2015","Sat Jan 31 08:20:40 GMT+01:00 2015"
"2954","2015-02-01","1","2","1","2015","Sun Feb 01 23:06:44 GMT+01:00 2015"
"2955","2015-02-02","2","2","1","2015","Mon Feb 02 16:02:56 GMT+01:00 2015"
"2956","2015-02-03","3","2","1","2015","Tue Feb 03 23:56:58 GMT+01:00 2015"
"2957","2015-02-04","4","2","1","2015","Wed Feb 04 11:07:25 GMT+01:00 2015"
"2958","2015-02-05","5","2","1","2015","Thu Feb 05 14:30:55 GMT+01:00 2015"
"2959","2015-02-06","6","2","1","2015","Fri Feb 06 07:24:19 GMT+01:00 2015"
"2960","2015-02-07","7","2","1","2015","Sat Feb 07 18:58:34 GMT+01:00 2015"
"2961","2015-02-08","8","2","1","2015","Sun Feb 08 20:15:09 GMT+01:00 2015"
"2962","2015-02-09","9","2","1","2015","Mon Feb 09 20:54:35 GMT+01:00 2015"
"2963","2015-02-10","10","2","1","2015","Tue Feb 10 14:54:44 GMT+01:00 2015"
"2964","2015-02-11","11","2","1","2015","Wed Feb 11 08:05:48 GMT+01:00 2015"
"2965","2015-02-12","12","2","1","2015","Thu Feb 12 13:35:12 GMT+01:00 2015"
"2966","2015-02-13","13","2","1","2015","Fri Feb 13 17:37:54 GMT+01:00 2015"
"2967","2015-02-14","14","2","1","2015","Sat Feb 14 01:14:56 GMT+01:00 2015"
"2968","2015-02-15","15","2","1","2015","Sun Feb 15 23:20:41 GMT+01:00 2015"
"2969","2015-02-16","16","2","1","2015","Mon Feb 16 07:48:43 GMT+01:00 2015"
"2970","2015-02-17","17","2","1","2015","Tue Feb 17 06:32:53 GMT+01:00 2015"
"2971","2015-02-18","18","2","1","2015","Wed Feb 18 11:06:37 GMT+01:00 2015"
"2972","2015-02-19","19","2","1","2015","Thu Feb 19 13:12:40 GMT+01:00 2015"
"2973","2015-02-20","20","2","1","2015","Fri Feb 20 22:14:13 GMT+01:00 2015"
"2974","2015-02-21","21","2","1","2015","Sat Feb 21 14:28:41 GMT+01:00 2015"
"2975","2015-02-22","22","2","1","2015","Sun Feb 22 19:48:34 GMT+01:00 2015"
"2976","2015-02-23","23","2","1","2015","Mon Feb 23 13:00:58 GMT+01:00 2015"
"2977","2015-02-24","24","2","1","2015","Tue Feb 24 08:13:45 GMT+01:00 2015"
"2978","2015-02-25","25","2","1","2015","Wed Feb 25 09:05:17 GMT+01:00 2015"
"2979","2015-02-26","26","2","1","2015","Thu Feb 26 19:00:43 GMT+01:00 2015"
"2980","2015-02-27","27","2","1","2015","Fri Feb 27 08:15:37 GMT+01:00 2015"
"2981","2015-02-28","28","2","1","2015","Sat Feb 28 20:50:34 GMT+01:00 2015"
"2982","2015-03-01","1","3","1","2015","Sun Mar 01 05:06:18 GMT+01:00 2015"
"2983","2015-03-02","2","3","1","2015","Mon Mar 02 10:59:16 GMT+01:00 2015"
"2984","2015-03-03","3","3","1","2015","Tue Mar 03 20:52:57 GMT+01:00 2015"
"2985","2015-03-04","4","3","1","2015","Wed Mar 04 12:58:46 GMT+01:00 2015"
"2986","2015-03-05","5","3","1","2015","Thu Mar 05 14:33:02 GMT+01:00 2015"
"2987","2015-03-06","6","3","1","2015","Fri Mar 06 21:00:04 GMT+01:00 2015"
"2988","2015-03-07","7","3","1","2015","Sat Mar 07 01:24:10 GMT+01:00 2015"
"2989","2015-03-08","8","3","1","2015","Sun Mar 08 09:53:24 GMT+01:00 2015"
"2990","2015-03-09","9","3","1","2015","Mon Mar 09 01:49:25 GMT+01:00 2015"
"2991","2015-03-10","10","3","1","2015","Tue Mar 10 18:20:50 GMT+01:00 2015"
"2992","2015-03-11","11","3","1","2015","Wed Mar 11 08:35:20 GMT+01:00 2015"
"2993","2015-03-12","12","3","1","2015","Thu Mar 12 13:52:03 GMT+01:00 2015"
"2994","2015-03-13","13","3","1","2015","Fri Mar 13 08:30:05 GMT+01:00 2015"
"2995","2015-03-14","14","3","1","2015","Sat Mar 14 12:14:26 GMT+01:00 2015"
"2996","2015-03-15","15","3","1","2015","Sun Mar 15 22:38:32 GMT+01:00 2015"
"2997","2015-03-16","16","3","1","2015","Mon Mar 16 15:18:46 GMT+01:00 2015"
"2998","2015-03-17","17","3","1","2015","Tue Mar 17 01:13:29 GMT+01:00 2015"
"2999","2015-03-18","18","3","1","2015","Wed Mar 18 15:30:51 GMT+01:00 2015"
"3000","2015-03-19","19","3","1","2015","Thu Mar 19 05:54:35 GMT+01:00 2015"
"3001","2015-03-20","20","3","1","2015","Fri Mar 20 22:33:42 GMT+01:00 2015"
"3002","2015-03-21","21","3","1","2015","Sat Mar 21 14:05:37 GMT+01:00 2015"
"3003","2015-03-22","22","3","1","2015","Sun Mar 22 04:52:25 GMT+01:00 2015"
"3004","2015-03-23","23","3","1","2015","Mon Mar 23 18:12:48 GMT+01:00 2015"
"3005","2015-03-24","24","3","1","2015","Tue Mar 24 09:04:15 GMT+01:00 2015"
"3006","2015-03-25","25","3","1","2015","Wed Mar 25 09:55:47 GMT+01:00 2015"
"3007","2015-03-26","26","3","1","2015","Thu Mar 26 17:06:31 GMT+01:00 2015"
"3008","2015-03-27","27","3","1","2015","Fri Mar 27 03:08:30 GMT+01:00 2015"
"3009","2015-03-28","28","3","1","2015","Sat Mar 28 21:39:08 GMT+01:00 2015"
"3010","2015-03-29","29","3","1","2015","Sun Mar 29 04:14:03 GMT+01:00 2015"
"3011","2015-03-30","30","3","1","2015","Mon Mar 30 10:38:41 GMT+01:00 2015"
"3012","2015-03-31","31","3","1","2015","Tue Mar 31 08:41:31 GMT+01:00 2015"
"3013","2015-04-01","1","4","2","2015","Wed Apr 01 13:18:55 GMT+01:00 2015"
"3014","2015-04-02","2","4","2","2015","Thu Apr 02 17:59:18 GMT+01:00 2015"
"3015","2015-04-03","3","4","2","2015","Fri Apr 03 00:01:20 GMT+01:00 2015"
"3016","2015-04-04","4","4","2","2015","Sat Apr 04 11:23:57 GMT+01:00 2015"
"3017","2015-04-05","5","4","2","2015","Sun Apr 05 11:38:25 GMT+01:00 2015"
"3018","2015-04-06","6","4","2","2015","Mon Apr 06 13:11:25 GMT+01:00 2015"
"3019","2015-04-07","7","4","2","2015","Tue Apr 07 19:25:23 GMT+01:00 2015"
"3020","2015-04-08","8","4","2","2015","Wed Apr 08 03:08:57 GMT+01:00 2015"
"3021","2015-04-09","9","4","2","2015","Thu Apr 09 04:42:36 GMT+01:00 2015"
"3022","2015-04-10","10","4","2","2015","Fri Apr 10 22:56:30 GMT+01:00 2015"
"3023","2015-04-11","11","4","2","2015","Sat Apr 11 16:12:34 GMT+01:00 2015"
"3024","2015-04-12","12","4","2","2015","Sun Apr 12 14:33:04 GMT+01:00 2015"
"3025","2015-04-13","13","4","2","2015","Mon Apr 13 18:04:12 GMT+01:00 2015"
"3026","2015-04-14","14","4","2","2015","Tue Apr 14 05:48:54 GMT+01:00 2015"
"3027","2015-04-15","15","4","2","2015","Wed Apr 15 10:26:47 GMT+01:00 2015"
"3028","2015-04-16","16","4","2","2015","Thu Apr 16 21:40:12 GMT+01:00 2015"
"3029","2015-04-17","17","4","2","2015","Fri Apr 17 12:23:05 GMT+01:00 2015"
"3030","2015-04-18","18","4","2","2015","Sat Apr 18 22:39:41 GMT+01:00 2015"
"3031","2015-04-19","19","4","2","2015","Sun Apr 19 01:39:42 GMT+01:00 2015"
"3032","2015-04-20","20","4","2","2015","Mon Apr 20 12:44:23 GMT+01:00 2015"
"3033","2015-04-21","21","4","2","2015","Tue Apr 21 13:03:10 GMT+01:00 2015"
"3034","2015-04-22","22","4","2","2015","Wed Apr 22 03:52:55 GMT+01:00 2015"
"3035","2015-04-23","23","4","2","2015","Thu Apr 23 19:03:01 GMT+01:00 2015"
"3036","2015-04-24","24","4","2","2015","Fri Apr 24 17:30:46 GMT+01:00 2015"
"3037","2015-04-25","25","4","2","2015","Sat Apr 25 10:19:07 GMT+01:00 2015"
"3038","2015-04-26","26","4","2","2015","Sun Apr 26 15:52:12 GMT+01:00 2015"
"3039","2015-04-27","27","4","2","2015","Mon Apr 27 21:46:13 GMT+01:00 2015"
"3040","2015-04-28","28","4","2","2015","Tue Apr 28 23:51:09 GMT+01:00 2015"
"3041","2015-04-29","29","4","2","2015","Wed Apr 29 20:05:14 GMT+01:00 2015"
"3042","2015-04-30","30","4","2","2015","Thu Apr 30 05:54:37 GMT+01:00 2015"
"3043","2015-05-01","1","5","2","2015","Fri May 01 23:43:30 GMT+01:00 2015"
"3044","2015-05-02","2","5","2","2015","Sat May 02 10:22:18 GMT+01:00 2015"
"3045","2015-05-03","3","5","2","2015","Sun May 03 14:40:00 GMT+01:00 2015"
"3046","2015-05-04","4","5","2","2015","Mon May 04 02:01:52 GMT+01:00 2015"
"3047","2015-05-05","5","5","2","2015","Tue May 05 10:16:37 GMT+01:00 2015"
"3048","2015-05-06","6","5","2","2015","Wed May 06 07:40:21 GMT+01:00 2015"
"3049","2015-05-07","7","5","2","2015","Thu May 07 05:08:00 GMT+01:00 2015"
"3050","2015-05-08","8","5","2","2015","Fri May 08 17:52:43 GMT+01:00 2015"
"3051","2015-05-09","9","5","2","2015","Sat May 09 01:38:50 GMT+01:00 2015"
"3052","2015-05-10","10","5","2","2015","Sun May 10 04:29:09 GMT+01:00 2015"
"3053","2015-05-11","11","5","2","2015","Mon May 11 08:20:36 GMT+01:00 2015"
"3054","2015-05-12","12","5","2","2015","Tue May 12 19:47:15 GMT+01:00 2015"
"3055","2015-05-13","13","5","2","2015","Wed May 13 15:32:42 GMT+01:00 2015"
"3056","2015-05-14","14","5","2","2015","Thu May 14 19:46:32 GMT+01:00 2015"
"3057","2015-05-15","15","5","2","2015","Fri May 15 08:51:05 GMT+01:00 2015"
"3058","2015-05-16","16","5","2","2015","Sat May 16 07:38:31 GMT+01:00 2015"
"3059","2015-05-17","17","5","2","2015","Sun May 17 10:37:50 GMT+01:00 2015"
"3060","2015-05-18","18","5","2","2015","Mon May 18 21:16:31 GMT+01:00 2015"
"3061","2015-05-19","19","5","2","2015","Tue May 19 09:14:07 GMT+01:00 2015"
"3062","2015-05-20","20","5","2","2015","Wed May 20 00:32:50 GMT+01:00 2015"
"3063","2015-05-21","21","5","2","2015","Thu May 21 10:45:44 GMT+01:00 2015"
"3064","2015-05-22","22","5","2","2015","Fri May 22 03:36:29 GMT+01:00 2015"
"3065","2015-05-23","23","5","2","2015","Sat May 23 11:53:10 GMT+01:00 2015"
"3066","2015-05-24","24","5","2","2015","Sun May 24 20:49:47 GMT+01:00 2015"
"3067","2015-05-25","25","5","2","2015","Mon May 25 11:09:04 GMT+01:00 2015"
"3068","2015-05-26","26","5","2","2015","Tue May 26 21:17:53 GMT+01:00 2015"
"3069","2015-05-27","27","5","2","2015","Wed May 27 11:35:29 GMT+01:00 2015"
"3070","2015-05-28","28","5","2","2015","Thu May 28 08:05:55 GMT+01:00 2015"
"3071","2015-05-29","29","5","2","2015","Fri May 29 08:02:48 GMT+01:00 2015"
"3072","2015-05-30","30","5","2","2015","Sat May 30 22:35:26 GMT+01:00 2015"
"3073","2015-05-31","31","5","2","2015","Sun May 31 03:31:46 GMT+01:00 2015"
"3074","2015-06-01","1","6","2","2015","Mon Jun 01 19:40:14 GMT+01:00 2015"
"3075","2015-06-02","2","6","2","2015","Tue Jun 02 17:39:42 GMT+01:00 2015"
"3076","2015-06-03","3","6","2","2015","Wed Jun 03 07:18:42 GMT+01:00 2015"
"3077","2015-06-04","4","6","2","2015","Thu Jun 04 02:28:23 GMT+01:00 2015"
"3078","2015-06-05","5","6","2","2015","Fri Jun 05 14:33:41 GMT+01:00 2015"
"3079","2015-06-06","6","6","2","2015","Sat Jun 06 09:33:05 GMT+01:00 2015"
"3080","2015-06-07","7","6","2","2015","Sun Jun 07 12:24:57 GMT+01:00 2015"
"3081","2015-06-08","8","6","2","2015","Mon Jun 08 22:51:21 GMT+01:00 2015"
"3082","2015-06-09","9","6","2","2015","Tue Jun 09 09:43:16 GMT+01:00 2015"
"3083","2015-06-10","10","6","2","2015","Wed Jun 10 09:25:02 GMT+01:00 2015"
"3084","2015-06-11","11","6","2","2015","Thu Jun 11 03:40:03 GMT+01:00 2015"
"3085","2015-06-12","12","6","2","2015","Fri Jun 12 18:03:05 GMT+01:00 2015"
"3086","2015-06-13","13","6","2","2015","Sat Jun 13 12:53:59 GMT+01:00 2015"
"3087","2015-06-14","14","6","2","2015","Sun Jun 14 02:39:38 GMT+01:00 2015"
"3088","2015-06-15","15","6","2","2015","Mon Jun 15 21:26:36 GMT+01:00 2015"
"3089","2015-06-16","16","6","2","2015","Tue Jun 16 03:13:25 GMT+01:00 2015"
"3090","2015-06-17","17","6","2","2015","Wed Jun 17 09:29:05 GMT+01:00 2015"
"3091","2015-06-18","18","6","2","2015","Thu Jun 18 03:17:19 GMT+01:00 2015"
"3092","2015-06-19","19","6","2","2015","Fri Jun 19 22:19:46 GMT+01:00 2015"
"3093","2015-06-20","20","6","2","2015","Sat Jun 20 02:23:06 GMT+01:00 2015"
"3094","2015-06-21","21","6","2","2015","Sun Jun 21 20:23:50 GMT+01:00 2015"
"3095","2015-06-22","22","6","2","2015","Mon Jun 22 00:55:06 GMT+01:00 2015"
"3096","2015-06-23","23","6","2","2015","Tue Jun 23 14:24:02 GMT+01:00 2015"
"3097","2015-06-24","24","6","2","2015","Wed Jun 24 00:31:29 GMT+01:00 2015"
"3098","2015-06-25","25","6","2","2015","Thu Jun 25 13:32:25 GMT+01:00 2015"
"3099","2015-06-26","26","6","2","2015","Fri Jun 26 07:19:27 GMT+01:00 2015"
"3100","2015-06-27","27","6","2","2015","Sat Jun 27 23:27:28 GMT+01:00 2015"
"3101","2015-06-28","28","6","2","2015","Sun Jun 28 17:13:48 GMT+01:00 2015"
"3102","2015-06-29","29","6","2","2015","Mon Jun 29 00:52:24 GMT+01:00 2015"
"3103","2015-06-30","30","6","2","2015","Tue Jun 30 09:48:44 GMT+01:00 2015"
"3104","2015-07-01","1","7","3","2015","Wed Jul 01 21:43:51 GMT+01:00 2015"
"3105","2015-07-02","2","7","3","2015","Thu Jul 02 02:13:28 GMT+01:00 2015"
"3106","2015-07-03","3","7","3","2015","Fri Jul 03 12:40:01 GMT+01:00 2015"
"3107","2015-07-04","4","7","3","2015","Sat Jul 04 00:47:54 GMT+01:00 2015"
"3108","2015-07-05","5","7","3","2015","Sun Jul 05 22:45:09 GMT+01:00 2015"
"3109","2015-07-06","6","7","3","2015","Mon Jul 06 01:01:14 GMT+01:00 2015"
"3110","2015-07-07","7","7","3","2015","Tue Jul 07 15:29:38 GMT+01:00 2015"
"3111","2015-07-08","8","7","3","2015","Wed Jul 08 05:59:10 GMT+01:00 2015"
"3112","2015-07-09","9","7","3","2015","Thu Jul 09 12:24:16 GMT+01:00 2015"
"3113","2015-07-10","10","7","3","2015","Fri Jul 10 12:49:51 GMT+01:00 2015"
"3114","2015-07-11","11","7","3","2015","Sat Jul 11 16:10:10 GMT+01:00 2015"
"3115","2015-07-12","12","7","3","2015","Sun Jul 12 06:50:46 GMT+01:00 2015"
"3116","2015-07-13","13","7","3","2015","Mon Jul 13 07:33:29 GMT+01:00 2015"
"3117","2015-07-14","14","7","3","2015","Tue Jul 14 04:02:55 GMT+01:00 2015"
"3118","2015-07-15","15","7","3","2015","Wed Jul 15 22:39:47 GMT+01:00 2015"
"3119","2015-07-16","16","7","3","2015","Thu Jul 16 20:48:18 GMT+01:00 2015"
"3120","2015-07-17","17","7","3","2015","Fri Jul 17 11:42:13 GMT+01:00 2015"
"3121","2015-07-18","18","7","3","2015","Sat Jul 18 07:21:25 GMT+01:00 2015"
"3122","2015-07-19","19","7","3","2015","Sun Jul 19 23:10:45 GMT+01:00 2015"
"3123","2015-07-20","20","7","3","2015","Mon Jul 20 00:06:16 GMT+01:00 2015"
"3124","2015-07-21","21","7","3","2015","Tue Jul 21 07:55:52 GMT+01:00 2015"
"3125","2015-07-22","22","7","3","2015","Wed Jul 22 10:13:12 GMT+01:00 2015"
"3126","2015-07-23","23","7","3","2015","Thu Jul 23 14:53:25 GMT+01:00 2015"
"3127","2015-07-24","24","7","3","2015","Fri Jul 24 02:16:58 GMT+01:00 2015"
"3128","2015-07-25","25","7","3","2015","Sat Jul 25 11:52:50 GMT+01:00 2015"
"3129","2015-07-26","26","7","3","2015","Sun Jul 26 02:57:20 GMT+01:00 2015"
"3130","2015-07-27","27","7","3","2015","Mon Jul 27 06:20:59 GMT+01:00 2015"
"3131","2015-07-28","28","7","3","2015","Tue Jul 28 12:09:51 GMT+01:00 2015"
"3132","2015-07-29","29","7","3","2015","Wed Jul 29 02:54:06 GMT+01:00 2015"
"3133","2015-07-30","30","7","3","2015","Thu Jul 30 12:52:17 GMT+01:00 2015"
"3134","2015-07-31","31","7","3","2015","Fri Jul 31 14:29:31 GMT+01:00 2015"
"3135","2015-08-01","1","8","3","2015","Sat Aug 01 06:34:52 GMT+01:00 2015"
"3136","2015-08-02","2","8","3","2015","Sun Aug 02 16:28:41 GMT+01:00 2015"
"3137","2015-08-03","3","8","3","2015","Mon Aug 03 21:11:33 GMT+01:00 2015"
"3138","2015-08-04","4","8","3","2015","Tue Aug 04 23:59:17 GMT+01:00 2015"
"3139","2015-08-05","5","8","3","2015","Wed Aug 05 00:02:40 GMT+01:00 2015"
"3140","2015-08-06","6","8","3","2015","Thu Aug 06 04:14:52 GMT+01:00 2015"
"3141","2015-08-07","7","8","3","2015","Fri Aug 07 06:05:38 GMT+01:00 2015"
"3142","2015-08-08","8","8","3","2015","Sat Aug 08 14:28:06 GMT+01:00 2015"
"3143","2015-08-09","9","8","3","2015","Sun Aug 09 02:15:33 GMT+01:00 2015"
"3144","2015-08-10","10","8","3","2015","Mon Aug 10 23:56:48 GMT+01:00 2015"
"3145","2015-08-11","11","8","3","2015","Tue Aug 11 20:51:32 GMT+01:00 2015"
"3146","2015-08-12","12","8","3","2015","Wed Aug 12 13:24:36 GMT+01:00 2015"
"3147","2015-08-13","13","8","3","2015","Thu Aug 13 10:57:25 GMT+01:00 2015"
"3148","2015-08-14","14","8","3","2015","Fri Aug 14 03:34:24 GMT+01:00 2015"
"3149","2015-08-15","15","8","3","2015","Sat Aug 15 01:12:56 GMT+01:00 2015"
"3150","2015-08-16","16","8","3","2015","Sun Aug 16 10:36:22 GMT+01:00 2015"
"3151","2015-08-17","17","8","3","2015","Mon Aug 17 06:35:42 GMT+01:00 2015"
"3152","2015-08-18","18","8","3","2015","Tue Aug 18 16:46:59 GMT+01:00 2015"
"3153","2015-08-19","19","8","3","2015","Wed Aug 19 07:09:16 GMT+01:00 2015"
"3154","2015-08-20","20","8","3","2015","Thu Aug 20 15:34:01 GMT+01:00 2015"
"3155","2015-08-21","21","8","3","2015","Fri Aug 21 10:12:46 GMT+01:00 2015"
"3156","2015-08-22","22","8","3","2015","Sat Aug 22 05:41:17 GMT+01:00 2015"
"3157","2015-08-23","23","8","3","2015","Sun Aug 23 20:10:00 GMT+01:00 2015"
"3158","2015-08-24","24","8","3","2015","Mon Aug 24 01:28:19 GMT+01:00 2015"
"3159","2015-08-25","25","8","3","2015","Tue Aug 25 10:52:12 GMT+01:00 2015"
"3160","2015-08-26","26","8","3","2015","Wed Aug 26 12:09:45 GMT+01:00 2015"
"3161","2015-08-27","27","8","3","2015","Thu Aug 27 01:02:13 GMT+01:00 2015"
"3162","2015-08-28","28","8","3","2015","Fri Aug 28 05:05:24 GMT+01:00 2015"
"3163","2015-08-29","29","8","3","2015","Sat Aug 29 17:04:03 GMT+01:00 2015"
"3164","2015-08-30","30","8","3","2015","Sun Aug 30 02:44:43 GMT+01:00 2015"
"3165","2015-08-31","31","8","3","2015","Mon Aug 31 07:56:47 GMT+01:00 2015"
"3166","2015-09-01","1","9","3","2015","Tue Sep 01 10:50:03 GMT+01:00 2015"
"3167","2015-09-02","2","9","3","2015","Wed Sep 02 00:01:22 GMT+01:00 2015"
"3168","2015-09-03","3","9","3","2015","Thu Sep 03 12:06:29 GMT+01:00 2015"
"3169","2015-09-04","4","9","3","2015","Fri Sep 04 13:49:10 GMT+01:00 2015"
"3170","2015-09-05","5","9","3","2015","Sat Sep 05 08:31:10 GMT+01:00 2015"
"3171","2015-09-06","6","9","3","2015","Sun Sep 06 04:03:14 GMT+01:00 2015"
"3172","2015-09-07","7","9","3","2015","Mon Sep 07 22:00:33 GMT+01:00 2015"
"3173","2015-09-08","8","9","3","2015","Tue Sep 08 13:24:48 GMT+01:00 2015"
"3174","2015-09-09","9","9","3","2015","Wed Sep 09 07:21:53 GMT+01:00 2015"
"3175","2015-09-10","10","9","3","2015","Thu Sep 10 03:05:13 GMT+01:00 2015"
"3176","2015-09-11","11","9","3","2015","Fri Sep 11 23:23:02 GMT+01:00 2015"
"3177","2015-09-12","12","9","3","2015","Sat Sep 12 15:39:28 GMT+01:00 2015"
"3178","2015-09-13","13","9","3","2015","Sun Sep 13 17:08:53 GMT+01:00 2015"
"3179","2015-09-14","14","9","3","2015","Mon Sep 14 16:41:25 GMT+01:00 2015"
"3180","2015-09-15","15","9","3","2015","Tue Sep 15 08:06:19 GMT+01:00 2015"
"3181","2015-09-16","16","9","3","2015","Wed Sep 16 15:51:36 GMT+01:00 2015"
"3182","2015-09-17","17","9","3","2015","Thu Sep 17 21:30:53 GMT+01:00 2015"
"3183","2015-09-18","18","9","3","2015","Fri Sep 18 00:59:15 GMT+01:00 2015"
"3184","2015-09-19","19","9","3","2015","Sat Sep 19 06:13:21 GMT+01:00 2015"
"3185","2015-09-20","20","9","3","2015","Sun Sep 20 04:49:06 GMT+01:00 2015"
"3186","2015-09-21","21","9","3","2015","Mon Sep 21 00:17:31 GMT+01:00 2015"
"3187","2015-09-22","22","9","3","2015","Tue Sep 22 07:09:33 GMT+01:00 2015"
"3188","2015-09-23","23","9","3","2015","Wed Sep 23 03:48:56 GMT+01:00 2015"
"3189","2015-09-24","24","9","3","2015","Thu Sep 24 16:35:59 GMT+01:00 2015"
"3190","2015-09-25","25","9","3","2015","Fri Sep 25 23:49:14 GMT+01:00 2015"
"3191","2015-09-26","26","9","3","2015","Sat Sep 26 04:58:37 GMT+01:00 2015"
"3192","2015-09-27","27","9","3","2015","Sun Sep 27 20:40:10 GMT+01:00 2015"
"3193","2015-09-28","28","9","3","2015","Mon Sep 28 13:30:43 GMT+01:00 2015"
"3194","2015-09-29","29","9","3","2015","Tue Sep 29 18:29:27 GMT+01:00 2015"
"3195","2015-09-30","30","9","3","2015","Wed Sep 30 21:05:24 GMT+01:00 2015"
"3196","2015-10-01","1","10","4","2015","Thu Oct 01 15:21:04 GMT+01:00 2015"
"3197","2015-10-02","2","10","4","2015","Fri Oct 02 22:23:35 GMT+01:00 2015"
"3198","2015-10-03","3","10","4","2015","Sat Oct 03 16:41:39 GMT+01:00 2015"
"3199","2015-10-04","4","10","4","2015","Sun Oct 04 03:09:04 GMT+01:00 2015"
"3200","2015-10-05","5","10","4","2015","Mon Oct 05 08:22:18 GMT+01:00 2015"
"3201","2015-10-06","6","10","4","2015","Tue Oct 06 18:10:45 GMT+01:00 2015"
"3202","2015-10-07","7","10","4","2015","Wed Oct 07 13:46:24 GMT+01:00 2015"
"3203","2015-10-08","8","10","4","2015","Thu Oct 08 09:44:12 GMT+01:00 2015"
"3204","2015-10-09","9","10","4","2015","Fri Oct 09 00:50:06 GMT+01:00 2015"
"3205","2015-10-10","10","10","4","2015","Sat Oct 10 02:43:35 GMT+01:00 2015"
"3206","2015-10-11","11","10","4","2015","Sun Oct 11 00:39:02 GMT+01:00 2015"
"3207","2015-10-12","12","10","4","2015","Mon Oct 12 07:14:29 GMT+01:00 2015"
"3208","2015-10-13","13","10","4","2015","Tue Oct 13 00:48:42 GMT+01:00 2015"
"3209","2015-10-14","14","10","4","2015","Wed Oct 14 16:30:54 GMT+01:00 2015"
"3210","2015-10-15","15","10","4","2015","Thu Oct 15 13:53:13 GMT+01:00 2015"
"3211","2015-10-16","16","10","4","2015","Fri Oct 16 08:19:06 GMT+01:00 2015"
"3212","2015-10-17","17","10","4","2015","Sat Oct 17 10:20:38 GMT+01:00 2015"
"3213","2015-10-18","18","10","4","2015","Sun Oct 18 08:54:02 GMT+01:00 2015"
"3214","2015-10-19","19","10","4","2015","Mon Oct 19 22:15:56 GMT+01:00 2015"
"3215","2015-10-20","20","10","4","2015","Tue Oct 20 17:00:05 GMT+01:00 2015"
"3216","2015-10-21","21","10","4","2015","Wed Oct 21 20:08:13 GMT+01:00 2015"
"3217","2015-10-22","22","10","4","2015","Thu Oct 22 21:41:46 GMT+01:00 2015"
"3218","2015-10-23","23","10","4","2015","Fri Oct 23 22:30:49 GMT+01:00 2015"
"3219","2015-10-24","24","10","4","2015","Sat Oct 24 04:08:45 GMT+01:00 2015"
"3220","2015-10-25","25","10","4","2015","Sun Oct 25 21:28:56 GMT+01:00 2015"
"3221","2015-10-26","26","10","4","2015","Mon Oct 26 06:14:45 GMT+01:00 2015"
"3222","2015-10-27","27","10","4","2015","Tue Oct 27 18:26:36 GMT+01:00 2015"
"3223","2015-10-28","28","10","4","2015","Wed Oct 28 06:22:33 GMT+01:00 2015"
"3224","2015-10-29","29","10","4","2015","Thu Oct 29 01:54:59 GMT+01:00 2015"
"3225","2015-10-30","30","10","4","2015","Fri Oct 30 00:32:26 GMT+01:00 2015"
"3226","2015-10-31","31","10","4","2015","Sat Oct 31 08:30:39 GMT+01:00 2015"
"3227","2015-11-01","1","11","4","2015","Sun Nov 01 20:05:34 GMT+01:00 2015"
"3228","2015-11-02","2","11","4","2015","Mon Nov 02 09:34:18 GMT+01:00 2015"
"3229","2015-11-03","3","11","4","2015","Tue Nov 03 16:50:10 GMT+01:00 2015"
"3230","2015-11-04","4","11","4","2015","Wed Nov 04 15:35:12 GMT+01:00 2015"
"3231","2015-11-05","5","11","4","2015","Thu Nov 05 08:32:16 GMT+01:00 2015"
"3232","2015-11-06","6","11","4","2015","Fri Nov 06 09:57:17 GMT+01:00 2015"
"3233","2015-11-07","7","11","4","2015","Sat Nov 07 10:39:40 GMT+01:00 2015"
"3234","2015-11-08","8","11","4","2015","Sun Nov 08 07:35:33 GMT+01:00 2015"
"3235","2015-11-09","9","11","4","2015","Mon Nov 09 20:38:09 GMT+01:00 2015"
"3236","2015-11-10","10","11","4","2015","Tue Nov 10 00:35:37 GMT+01:00 2015"
"3237","2015-11-11","11","11","4","2015","Wed Nov 11 15:08:14 GMT+01:00 2015"
"3238","2015-11-12","12","11","4","2015","Thu Nov 12 03:19:13 GMT+01:00 2015"
"3239","2015-11-13","13","11","4","2015","Fri Nov 13 07:19:10 GMT+01:00 2015"
"3240","2015-11-14","14","11","4","2015","Sat Nov 14 19:17:31 GMT+01:00 2015"
"3241","2015-11-15","15","11","4","2015","Sun Nov 15 15:08:32 GMT+01:00 2015"
"3242","2015-11-16","16","11","4","2015","Mon Nov 16 09:23:48 GMT+01:00 2015"
"3243","2015-11-17","17","11","4","2015","Tue Nov 17 04:25:57 GMT+01:00 2015"
"3244","2015-11-18","18","11","4","2015","Wed Nov 18 22:06:27 GMT+01:00 2015"
"3245","2015-11-19","19","11","4","2015","Thu Nov 19 03:58:10 GMT+01:00 2015"
"3246","2015-11-20","20","11","4","2015","Fri Nov 20 15:12:18 GMT+01:00 2015"
"3247","2015-11-21","21","11","4","2015","Sat Nov 21 06:26:26 GMT+01:00 2015"
"3248","2015-11-22","22","11","4","2015","Sun Nov 22 06:31:56 GMT+01:00 2015"
"3249","2015-11-23","23","11","4","2015","Mon Nov 23 04:56:08 GMT+01:00 2015"
"3250","2015-11-24","24","11","4","2015","Tue Nov 24 14:16:06 GMT+01:00 2015"
"3251","2015-11-25","25","11","4","2015","Wed Nov 25 12:53:36 GMT+01:00 2015"
"3252","2015-11-26","26","11","4","2015","Thu Nov 26 13:33:49 GMT+01:00 2015"
"3253","2015-11-27","27","11","4","2015","Fri Nov 27 00:27:45 GMT+01:00 2015"
"3254","2015-11-28","28","11","4","2015","Sat Nov 28 16:36:01 GMT+01:00 2015"
"3255","2015-11-29","29","11","4","2015","Sun Nov 29 16:43:59 GMT+01:00 2015"
"3256","2015-11-30","30","11","4","2015","Mon Nov 30 20:35:57 GMT+01:00 2015"
"3257","2015-12-01","1","12","4","2015","Tue Dec 01 19:39:58 GMT+01:00 2015"
"3258","2015-12-02","2","12","4","2015","Wed Dec 02 08:36:24 GMT+01:00 2015"
"3259","2015-12-03","3","12","4","2015","Thu Dec 03 14:13:29 GMT+01:00 2015"
"3260","2015-12-04","4","12","4","2015","Fri Dec 04 18:43:02 GMT+01:00 2015"
"3261","2015-12-05","5","12","4","2015","Sat Dec 05 12:05:26 GMT+01:00 2015"
"3262","2015-12-06","6","12","4","2015","Sun Dec 06 13:50:43 GMT+01:00 2015"
"3263","2015-12-07","7","12","4","2015","Mon Dec 07 10:55:39 GMT+01:00 2015"
"3264","2015-12-08","8","12","4","2015","Tue Dec 08 10:23:16 GMT+01:00 2015"
"3265","2015-12-09","9","12","4","2015","Wed Dec 09 09:46:28 GMT+01:00 2015"
"3266","2015-12-10","10","12","4","2015","Thu Dec 10 07:12:00 GMT+01:00 2015"
"3267","2015-12-11","11","12","4","2015","Fri Dec 11 01:16:22 GMT+01:00 2015"
"3268","2015-12-12","12","12","4","2015","Sat Dec 12 15:38:03 GMT+01:00 2015"
"3269","2015-12-13","13","12","4","2015","Sun Dec 13 07:40:52 GMT+01:00 2015"
"3270","2015-12-14","14","12","4","2015","Mon Dec 14 22:07:56 GMT+01:00 2015"
"3271","2015-12-15","15","12","4","2015","Tue Dec 15 02:22:27 GMT+01:00 2015"
"3272","2015-12-16","16","12","4","2015","Wed Dec 16 12:45:05 GMT+01:00 2015"
"3273","2015-12-17","17","12","4","2015","Thu Dec 17 17:35:31 GMT+01:00 2015"
"3274","2015-12-18","18","12","4","2015","Fri Dec 18 05:18:48 GMT+01:00 2015"
"3275","2015-12-19","19","12","4","2015","Sat Dec 19 22:54:02 GMT+01:00 2015"
"3276","2015-12-20","20","12","4","2015","Sun Dec 20 22:57:21 GMT+01:00 2015"
"3277","2015-12-21","21","12","4","2015","Mon Dec 21 11:54:05 GMT+01:00 2015"
"3278","2015-12-22","22","12","4","2015","Tue Dec 22 11:27:00 GMT+01:00 2015"
"3279","2015-12-23","23","12","4","2015","Wed Dec 23 13:26:34 GMT+01:00 2015"
"3280","2015-12-24","24","12","4","2015","Thu Dec 24 02:34:20 GMT+01:00 2015"
"3281","2015-12-25","25","12","4","2015","Fri Dec 25 18:03:42 GMT+01:00 2015"
"3282","2015-12-26","26","12","4","2015","Sat Dec 26 14:18:53 GMT+01:00 2015"
"3283","2015-12-27","27","12","4","2015","Sun Dec 27 06:24:50 GMT+01:00 2015"
"3284","2015-12-28","28","12","4","2015","Mon Dec 28 02:16:52 GMT+01:00 2015"
"3285","2015-12-29","29","12","4","2015","Tue Dec 29 05:03:17 GMT+01:00 2015"
"3286","2015-12-30","30","12","4","2015","Wed Dec 30 03:58:31 GMT+01:00 2015"
"3287","2015-12-31","31","12","4","2015","Thu Dec 31 01:06:43 GMT+01:00 2015"
"3288","2016-01-01","1","1","1","2016","Fri Jan 01 21:27:15 GMT+01:00 2016"
"3289","2016-01-02","2","1","1","2016","Sat Jan 02 17:28:00 GMT+01:00 2016"
"3290","2016-01-03","3","1","1","2016","Sun Jan 03 23:59:55 GMT+01:00 2016"
"3291","2016-01-04","4","1","1","2016","Mon Jan 04 11:59:59 GMT+01:00 2016"
"3292","2016-01-05","5","1","1","2016","Tue Jan 05 21:57:45 GMT+01:00 2016"
"3293","2016-01-06","6","1","1","2016","Wed Jan 06 18:14:54 GMT+01:00 2016"
"3294","2016-01-07","7","1","1","2016","Thu Jan 07 11:20:50 GMT+01:00 2016"
"3295","2016-01-08","8","1","1","2016","Fri Jan 08 07:37:28 GMT+01:00 2016"
"3296","2016-01-09","9","1","1","2016","Sat Jan 09 19:01:59 GMT+01:00 2016"
"3297","2016-01-10","10","1","1","2016","Sun Jan 10 20:46:49 GMT+01:00 2016"
"3298","2016-01-11","11","1","1","2016","Mon Jan 11 01:13:56 GMT+01:00 2016"
"3299","2016-01-12","12","1","1","2016","Tue Jan 12 16:41:55 GMT+01:00 2016"
"3300","2016-01-13","13","1","1","2016","Wed Jan 13 06:32:32 GMT+01:00 2016"
"3301","2016-01-14","14","1","1","2016","Thu Jan 14 16:04:38 GMT+01:00 2016"
"3302","2016-01-15","15","1","1","2016","Fri Jan 15 00:39:14 GMT+01:00 2016"
"3303","2016-01-16","16","1","1","2016","Sat Jan 16 07:37:12 GMT+01:00 2016"
"3304","2016-01-17","17","1","1","2016","Sun Jan 17 05:20:35 GMT+01:00 2016"
"3305","2016-01-18","18","1","1","2016","Mon Jan 18 21:18:12 GMT+01:00 2016"
"3306","2016-01-19","19","1","1","2016","Tue Jan 19 21:00:08 GMT+01:00 2016"
"3307","2016-01-20","20","1","1","2016","Wed Jan 20 15:37:55 GMT+01:00 2016"
"3308","2016-01-21","21","1","1","2016","Thu Jan 21 02:43:20 GMT+01:00 2016"
"3309","2016-01-22","22","1","1","2016","Fri Jan 22 00:18:19 GMT+01:00 2016"
"3310","2016-01-23","23","1","1","2016","Sat Jan 23 18:15:14 GMT+01:00 2016"
"3311","2016-01-24","24","1","1","2016","Sun Jan 24 01:19:11 GMT+01:00 2016"
"3312","2016-01-25","25","1","1","2016","Mon Jan 25 09:33:53 GMT+01:00 2016"
"3313","2016-01-26","26","1","1","2016","Tue Jan 26 05:41:53 GMT+01:00 2016"
"3314","2016-01-27","27","1","1","2016","Wed Jan 27 07:36:43 GMT+01:00 2016"
"3315","2016-01-28","28","1","1","2016","Thu Jan 28 02:16:06 GMT+01:00 2016"
"3316","2016-01-29","29","1","1","2016","Fri Jan 29 17:18:37 GMT+01:00 2016"
"3317","2016-01-30","30","1","1","2016","Sat Jan 30 14:20:03 GMT+01:00 2016"
"3318","2016-01-31","31","1","1","2016","Sun Jan 31 13:31:04 GMT+01:00 2016"
"3319","2016-02-01","1","2","1","2016","Mon Feb 01 02:39:01 GMT+01:00 2016"
"3320","2016-02-02","2","2","1","2016","Tue Feb 02 02:46:50 GMT+01:00 2016"
"3321","2016-02-03","3","2","1","2016","Wed Feb 03 05:51:50 GMT+01:00 2016"
"3322","2016-02-04","4","2","1","2016","Thu Feb 04 15:23:24 GMT+01:00 2016"
"3323","2016-02-05","5","2","1","2016","Fri Feb 05 08:52:25 GMT+01:00 2016"
"3324","2016-02-06","6","2","1","2016","Sat Feb 06 13:43:15 GMT+01:00 2016"
"3325","2016-02-07","7","2","1","2016","Sun Feb 07 04:32:15 GMT+01:00 2016"
"3326","2016-02-08","8","2","1","2016","Mon Feb 08 14:18:09 GMT+01:00 2016"
"3327","2016-02-09","9","2","1","2016","Tue Feb 09 20:16:12 GMT+01:00 2016"
"3328","2016-02-10","10","2","1","2016","Wed Feb 10 23:04:50 GMT+01:00 2016"
"3329","2016-02-11","11","2","1","2016","Thu Feb 11 02:48:28 GMT+01:00 2016"
"3330","2016-02-12","12","2","1","2016","Fri Feb 12 07:26:16 GMT+01:00 2016"
"3331","2016-02-13","13","2","1","2016","Sat Feb 13 04:12:45 GMT+01:00 2016"
"3332","2016-02-14","14","2","1","2016","Sun Feb 14 02:34:26 GMT+01:00 2016"
"3333","2016-02-15","15","2","1","2016","Mon Feb 15 13:42:00 GMT+01:00 2016"
"3334","2016-02-16","16","2","1","2016","Tue Feb 16 19:02:07 GMT+01:00 2016"
"3335","2016-02-17","17","2","1","2016","Wed Feb 17 04:03:00 GMT+01:00 2016"
"3336","2016-02-18","18","2","1","2016","Thu Feb 18 20:23:51 GMT+01:00 2016"
"3337","2016-02-19","19","2","1","2016","Fri Feb 19 03:28:27 GMT+01:00 2016"
"3338","2016-02-20","20","2","1","2016","Sat Feb 20 04:03:32 GMT+01:00 2016"
"3339","2016-02-21","21","2","1","2016","Sun Feb 21 02:22:18 GMT+01:00 2016"
"3340","2016-02-22","22","2","1","2016","Mon Feb 22 03:22:37 GMT+01:00 2016"
"3341","2016-02-23","23","2","1","2016","Tue Feb 23 04:52:32 GMT+01:00 2016"
"3342","2016-02-24","24","2","1","2016","Wed Feb 24 09:49:56 GMT+01:00 2016"
"3343","2016-02-25","25","2","1","2016","Thu Feb 25 10:33:06 GMT+01:00 2016"
"3344","2016-02-26","26","2","1","2016","Fri Feb 26 00:28:38 GMT+01:00 2016"
"3345","2016-02-27","27","2","1","2016","Sat Feb 27 19:27:37 GMT+01:00 2016"
"3346","2016-02-28","28","2","1","2016","Sun Feb 28 08:26:00 GMT+01:00 2016"
"3347","2016-02-29","29","2","1","2016","Mon Feb 29 06:27:24 GMT+01:00 2016"
"3348","2016-03-01","1","3","1","2016","Tue Mar 01 14:31:55 GMT+01:00 2016"
"3349","2016-03-02","2","3","1","2016","Wed Mar 02 06:58:19 GMT+01:00 2016"
"3350","2016-03-03","3","3","1","2016","Thu Mar 03 05:19:02 GMT+01:00 2016"
"3351","2016-03-04","4","3","1","2016","Fri Mar 04 17:46:37 GMT+01:00 2016"
"3352","2016-03-05","5","3","1","2016","Sat Mar 05 00:53:47 GMT+01:00 2016"
"3353","2016-03-06","6","3","1","2016","Sun Mar 06 07:30:09 GMT+01:00 2016"
"3354","2016-03-07","7","3","1","2016","Mon Mar 07 05:32:16 GMT+01:00 2016"
"3355","2016-03-08","8","3","1","2016","Tue Mar 08 02:40:34 GMT+01:00 2016"
"3356","2016-03-09","9","3","1","2016","Wed Mar 09 15:00:56 GMT+01:00 2016"
"3357","2016-03-10","10","3","1","2016","Thu Mar 10 16:18:12 GMT+01:00 2016"
"3358","2016-03-11","11","3","1","2016","Fri Mar 11 06:22:22 GMT+01:00 2016"
"3359","2016-03-12","12","3","1","2016","Sat Mar 12 16:13:26 GMT+01:00 2016"
"3360","2016-03-13","13","3","1","2016","Sun Mar 13 12:22:39 GMT+01:00 2016"
"3361","2016-03-14","14","3","1","2016","Mon Mar 14 02:13:23 GMT+01:00 2016"
"3362","2016-03-15","15","3","1","2016","Tue Mar 15 05:13:05 GMT+01:00 2016"
"3363","2016-03-16","16","3","1","2016","Wed Mar 16 16:02:01 GMT+01:00 2016"
"3364","2016-03-17","17","3","1","2016","Thu Mar 17 06:30:34 GMT+01:00 2016"
"3365","2016-03-18","18","3","1","2016","Fri Mar 18 22:44:35 GMT+01:00 2016"
"3366","2016-03-19","19","3","1","2016","Sat Mar 19 15:51:09 GMT+01:00 2016"
"3367","2016-03-20","20","3","1","2016","Sun Mar 20 11:03:58 GMT+01:00 2016"
"3368","2016-03-21","21","3","1","2016","Mon Mar 21 03:28:09 GMT+01:00 2016"
"3369","2016-03-22","22","3","1","2016","Tue Mar 22 12:44:59 GMT+01:00 2016"
"3370","2016-03-23","23","3","1","2016","Wed Mar 23 16:50:46 GMT+01:00 2016"
"3371","2016-03-24","24","3","1","2016","Thu Mar 24 13:18:49 GMT+01:00 2016"
"3372","2016-03-25","25","3","1","2016","Fri Mar 25 04:47:57 GMT+01:00 2016"
"3373","2016-03-26","26","3","1","2016","Sat Mar 26 22:06:57 GMT+01:00 2016"
"3374","2016-03-27","27","3","1","2016","Sun Mar 27 05:50:47 GMT+01:00 2016"
"3375","2016-03-28","28","3","1","2016","Mon Mar 28 18:04:19 GMT+01:00 2016"
"3376","2016-03-29","29","3","1","2016","Tue Mar 29 07:14:33 GMT+01:00 2016"
"3377","2016-03-30","30","3","1","2016","Wed Mar 30 02:46:08 GMT+01:00 2016"
"3378","2016-03-31","31","3","1","2016","Thu Mar 31 18:37:39 GMT+01:00 2016"
"3379","2016-04-01","1","4","2","2016","Fri Apr 01 06:34:28 GMT+01:00 2016"
"3380","2016-04-02","2","4","2","2016","Sat Apr 02 23:53:37 GMT+01:00 2016"
"3381","2016-04-03","3","4","2","2016","Sun Apr 03 02:43:46 GMT+01:00 2016"
"3382","2016-04-04","4","4","2","2016","Mon Apr 04 02:06:06 GMT+01:00 2016"
"3383","2016-04-05","5","4","2","2016","Tue Apr 05 19:29:20 GMT+01:00 2016"
"3384","2016-04-06","6","4","2","2016","Wed Apr 06 16:48:50 GMT+01:00 2016"
"3385","2016-04-07","7","4","2","2016","Thu Apr 07 05:31:01 GMT+01:00 2016"
"3386","2016-04-08","8","4","2","2016","Fri Apr 08 12:16:56 GMT+01:00 2016"
"3387","2016-04-09","9","4","2","2016","Sat Apr 09 16:37:48 GMT+01:00 2016"
"3388","2016-04-10","10","4","2","2016","Sun Apr 10 05:42:10 GMT+01:00 2016"
"3389","2016-04-11","11","4","2","2016","Mon Apr 11 03:13:48 GMT+01:00 2016"
"3390","2016-04-12","12","4","2","2016","Tue Apr 12 13:03:16 GMT+01:00 2016"
"3391","2016-04-13","13","4","2","2016","Wed Apr 13 23:06:31 GMT+01:00 2016"
"3392","2016-04-14","14","4","2","2016","Thu Apr 14 22:08:16 GMT+01:00 2016"
"3393","2016-04-15","15","4","2","2016","Fri Apr 15 09:28:03 GMT+01:00 2016"
"3394","2016-04-16","16","4","2","2016","Sat Apr 16 15:01:26 GMT+01:00 2016"
"3395","2016-04-17","17","4","2","2016","Sun Apr 17 22:04:45 GMT+01:00 2016"
"3396","2016-04-18","18","4","2","2016","Mon Apr 18 19:09:33 GMT+01:00 2016"
"3397","2016-04-19","19","4","2","2016","Tue Apr 19 18:46:02 GMT+01:00 2016"
"3398","2016-04-20","20","4","2","2016","Wed Apr 20 07:36:43 GMT+01:00 2016"
"3399","2016-04-21","21","4","2","2016","Thu Apr 21 11:02:24 GMT+01:00 2016"
"3400","2016-04-22","22","4","2","2016","Fri Apr 22 08:54:18 GMT+01:00 2016"
"3401","2016-04-23","23","4","2","2016","Sat Apr 23 17:58:58 GMT+01:00 2016"
"3402","2016-04-24","24","4","2","2016","Sun Apr 24 15:59:12 GMT+01:00 2016"
"3403","2016-04-25","25","4","2","2016","Mon Apr 25 11:17:10 GMT+01:00 2016"
"3404","2016-04-26","26","4","2","2016","Tue Apr 26 15:32:58 GMT+01:00 2016"
"3405","2016-04-27","27","4","2","2016","Wed Apr 27 02:38:11 GMT+01:00 2016"
"3406","2016-04-28","28","4","2","2016","Thu Apr 28 17:55:13 GMT+01:00 2016"
"3407","2016-04-29","29","4","2","2016","Fri Apr 29 00:29:08 GMT+01:00 2016"
"3408","2016-04-30","30","4","2","2016","Sat Apr 30 15:25:39 GMT+01:00 2016"
"3409","2016-05-01","1","5","2","2016","Sun May 01 17:29:39 GMT+01:00 2016"
"3410","2016-05-02","2","5","2","2016","Mon May 02 03:32:24 GMT+01:00 2016"
"3411","2016-05-03","3","5","2","2016","Tue May 03 19:47:32 GMT+01:00 2016"
"3412","2016-05-04","4","5","2","2016","Wed May 04 21:41:15 GMT+01:00 2016"
"3413","2016-05-05","5","5","2","2016","Thu May 05 21:41:32 GMT+01:00 2016"
"3414","2016-05-06","6","5","2","2016","Fri May 06 15:28:56 GMT+01:00 2016"
"3415","2016-05-07","7","5","2","2016","Sat May 07 17:03:38 GMT+01:00 2016"
"3416","2016-05-08","8","5","2","2016","Sun May 08 01:18:26 GMT+01:00 2016"
"3417","2016-05-09","9","5","2","2016","Mon May 09 05:34:51 GMT+01:00 2016"
"3418","2016-05-10","10","5","2","2016","Tue May 10 16:12:20 GMT+01:00 2016"
"3419","2016-05-11","11","5","2","2016","Wed May 11 21:04:23 GMT+01:00 2016"
"3420","2016-05-12","12","5","2","2016","Thu May 12 15:50:28 GMT+01:00 2016"
"3421","2016-05-13","13","5","2","2016","Fri May 13 02:15:45 GMT+01:00 2016"
"3422","2016-05-14","14","5","2","2016","Sat May 14 09:21:00 GMT+01:00 2016"
"3423","2016-05-15","15","5","2","2016","Sun May 15 16:00:23 GMT+01:00 2016"
"3424","2016-05-16","16","5","2","2016","Mon May 16 02:53:47 GMT+01:00 2016"
"3425","2016-05-17","17","5","2","2016","Tue May 17 03:34:52 GMT+01:00 2016"
"3426","2016-05-18","18","5","2","2016","Wed May 18 14:43:16 GMT+01:00 2016"
"3427","2016-05-19","19","5","2","2016","Thu May 19 14:50:59 GMT+01:00 2016"
"3428","2016-05-20","20","5","2","2016","Fri May 20 02:12:48 GMT+01:00 2016"
"3429","2016-05-21","21","5","2","2016","Sat May 21 21:15:41 GMT+01:00 2016"
"3430","2016-05-22","22","5","2","2016","Sun May 22 19:23:44 GMT+01:00 2016"
"3431","2016-05-23","23","5","2","2016","Mon May 23 03:45:00 GMT+01:00 2016"
"3432","2016-05-24","24","5","2","2016","Tue May 24 19:32:52 GMT+01:00 2016"
"3433","2016-05-25","25","5","2","2016","Wed May 25 17:10:06 GMT+01:00 2016"
"3434","2016-05-26","26","5","2","2016","Thu May 26 16:09:39 GMT+01:00 2016"
"3435","2016-05-27","27","5","2","2016","Fri May 27 13:25:16 GMT+01:00 2016"
"3436","2016-05-28","28","5","2","2016","Sat May 28 21:50:26 GMT+01:00 2016"
"3437","2016-05-29","29","5","2","2016","Sun May 29 19:30:38 GMT+01:00 2016"
"3438","2016-05-30","30","5","2","2016","Mon May 30 15:02:34 GMT+01:00 2016"
"3439","2016-05-31","31","5","2","2016","Tue May 31 12:05:00 GMT+01:00 2016"
"3440","2016-06-01","1","6","2","2016","Wed Jun 01 07:48:56 GMT+01:00 2016"
"3441","2016-06-02","2","6","2","2016","Thu Jun 02 06:19:55 GMT+01:00 2016"
"3442","2016-06-03","3","6","2","2016","Fri Jun 03 19:12:42 GMT+01:00 2016"
"3443","2016-06-04","4","6","2","2016","Sat Jun 04 20:29:32 GMT+01:00 2016"
"3444","2016-06-05","5","6","2","2016","Sun Jun 05 19:34:46 GMT+01:00 2016"
"3445","2016-06-06","6","6","2","2016","Mon Jun 06 08:46:17 GMT+01:00 2016"
"3446","2016-06-07","7","6","2","2016","Tue Jun 07 07:20:27 GMT+01:00 2016"
"3447","2016-06-08","8","6","2","2016","Wed Jun 08 14:53:04 GMT+01:00 2016"
"3448","2016-06-09","9","6","2","2016","Thu Jun 09 00:21:09 GMT+01:00 2016"
"3449","2016-06-10","10","6","2","2016","Fri Jun 10 07:39:57 GMT+01:00 2016"
"3450","2016-06-11","11","6","2","2016","Sat Jun 11 09:29:52 GMT+01:00 2016"
"3451","2016-06-12","12","6","2","2016","Sun Jun 12 05:18:28 GMT+01:00 2016"
"3452","2016-06-13","13","6","2","2016","Mon Jun 13 12:02:35 GMT+01:00 2016"
"3453","2016-06-14","14","6","2","2016","Tue Jun 14 07:34:09 GMT+01:00 2016"
"3454","2016-06-15","15","6","2","2016","Wed Jun 15 21:57:55 GMT+01:00 2016"
"3455","2016-06-16","16","6","2","2016","Thu Jun 16 08:33:27 GMT+01:00 2016"
"3456","2016-06-17","17","6","2","2016","Fri Jun 17 06:39:50 GMT+01:00 2016"
"3457","2016-06-18","18","6","2","2016","Sat Jun 18 16:46:12 GMT+01:00 2016"
"3458","2016-06-19","19","6","2","2016","Sun Jun 19 21:18:22 GMT+01:00 2016"
"3459","2016-06-20","20","6","2","2016","Mon Jun 20 03:36:33 GMT+01:00 2016"
"3460","2016-06-21","21","6","2","2016","Tue Jun 21 16:36:50 GMT+01:00 2016"
"3461","2016-06-22","22","6","2","2016","Wed Jun 22 17:12:04 GMT+01:00 2016"
"3462","2016-06-23","23","6","2","2016","Thu Jun 23 04:58:23 GMT+01:00 2016"
"3463","2016-06-24","24","6","2","2016","Fri Jun 24 09:41:24 GMT+01:00 2016"
"3464","2016-06-25","25","6","2","2016","Sat Jun 25 16:28:42 GMT+01:00 2016"
"3465","2016-06-26","26","6","2","2016","Sun Jun 26 02:23:40 GMT+01:00 2016"
"3466","2016-06-27","27","6","2","2016","Mon Jun 27 09:53:58 GMT+01:00 2016"
"3467","2016-06-28","28","6","2","2016","Tue Jun 28 11:55:14 GMT+01:00 2016"
"3468","2016-06-29","29","6","2","2016","Wed Jun 29 03:06:19 GMT+01:00 2016"
"3469","2016-06-30","30","6","2","2016","Thu Jun 30 22:43:12 GMT+01:00 2016"
"3470","2016-07-01","1","7","3","2016","Fri Jul 01 23:15:52 GMT+01:00 2016"
"3471","2016-07-02","2","7","3","2016","Sat Jul 02 01:33:53 GMT+01:00 2016"
"3472","2016-07-03","3","7","3","2016","Sun Jul 03 12:04:03 GMT+01:00 2016"
"3473","2016-07-04","4","7","3","2016","Mon Jul 04 21:23:10 GMT+01:00 2016"
"3474","2016-07-05","5","7","3","2016","Tue Jul 05 22:32:53 GMT+01:00 2016"
"3475","2016-07-06","6","7","3","2016","Wed Jul 06 12:13:51 GMT+01:00 2016"
"3476","2016-07-07","7","7","3","2016","Thu Jul 07 14:49:53 GMT+01:00 2016"
"3477","2016-07-08","8","7","3","2016","Fri Jul 08 11:18:20 GMT+01:00 2016"
"3478","2016-07-09","9","7","3","2016","Sat Jul 09 14:23:35 GMT+01:00 2016"
"3479","2016-07-10","10","7","3","2016","Sun Jul 10 02:40:20 GMT+01:00 2016"
"3480","2016-07-11","11","7","3","2016","Mon Jul 11 19:42:12 GMT+01:00 2016"
"3481","2016-07-12","12","7","3","2016","Tue Jul 12 04:26:00 GMT+01:00 2016"
"3482","2016-07-13","13","7","3","2016","Wed Jul 13 01:47:04 GMT+01:00 2016"
"3483","2016-07-14","14","7","3","2016","Thu Jul 14 11:54:48 GMT+01:00 2016"
"3484","2016-07-15","15","7","3","2016","Fri Jul 15 08:58:02 GMT+01:00 2016"
"3485","2016-07-16","16","7","3","2016","Sat Jul 16 23:00:02 GMT+01:00 2016"
"3486","2016-07-17","17","7","3","2016","Sun Jul 17 00:42:20 GMT+01:00 2016"
"3487","2016-07-18","18","7","3","2016","Mon Jul 18 05:55:37 GMT+01:00 2016"
"3488","2016-07-19","19","7","3","2016","Tue Jul 19 13:17:49 GMT+01:00 2016"
"3489","2016-07-20","20","7","3","2016","Wed Jul 20 02:32:41 GMT+01:00 2016"
"3490","2016-07-21","21","7","3","2016","Thu Jul 21 13:48:12 GMT+01:00 2016"
"3491","2016-07-22","22","7","3","2016","Fri Jul 22 15:49:47 GMT+01:00 2016"
"3492","2016-07-23","23","7","3","2016","Sat Jul 23 07:41:58 GMT+01:00 2016"
"3493","2016-07-24","24","7","3","2016","Sun Jul 24 07:35:54 GMT+01:00 2016"
"3494","2016-07-25","25","7","3","2016","Mon Jul 25 04:56:14 GMT+01:00 2016"
"3495","2016-07-26","26","7","3","2016","Tue Jul 26 21:59:57 GMT+01:00 2016"
"3496","2016-07-27","27","7","3","2016","Wed Jul 27 17:04:21 GMT+01:00 2016"
"3497","2016-07-28","28","7","3","2016","Thu Jul 28 11:45:11 GMT+01:00 2016"
"3498","2016-07-29","29","7","3","2016","Fri Jul 29 09:51:34 GMT+01:00 2016"
"3499","2016-07-30","30","7","3","2016","Sat Jul 30 06:49:01 GMT+01:00 2016"
"3500","2016-07-31","31","7","3","2016","Sun Jul 31 20:35:34 GMT+01:00 2016"
"3501","2016-08-01","1","8","3","2016","Mon Aug 01 17:00:14 GMT+01:00 2016"
"3502","2016-08-02","2","8","3","2016","Tue Aug 02 02:16:06 GMT+01:00 2016"
"3503","2016-08-03","3","8","3","2016","Wed Aug 03 04:53:46 GMT+01:00 2016"
"3504","2016-08-04","4","8","3","2016","Thu Aug 04 21:52:21 GMT+01:00 2016"
"3505","2016-08-05","5","8","3","2016","Fri Aug 05 10:44:39 GMT+01:00 2016"
"3506","2016-08-06","6","8","3","2016","Sat Aug 06 08:43:11 GMT+01:00 2016"
"3507","2016-08-07","7","8","3","2016","Sun Aug 07 04:29:05 GMT+01:00 2016"
"3508","2016-08-08","8","8","3","2016","Mon Aug 08 17:32:02 GMT+01:00 2016"
"3509","2016-08-09","9","8","3","2016","Tue Aug 09 01:09:16 GMT+01:00 2016"
"3510","2016-08-10","10","8","3","2016","Wed Aug 10 12:20:07 GMT+01:00 2016"
"3511","2016-08-11","11","8","3","2016","Thu Aug 11 16:59:40 GMT+01:00 2016"
"3512","2016-08-12","12","8","3","2016","Fri Aug 12 01:40:27 GMT+01:00 2016"
"3513","2016-08-13","13","8","3","2016","Sat Aug 13 09:50:27 GMT+01:00 2016"
"3514","2016-08-14","14","8","3","2016","Sun Aug 14 10:05:25 GMT+01:00 2016"
"3515","2016-08-15","15","8","3","2016","Mon Aug 15 01:33:36 GMT+01:00 2016"
"3516","2016-08-16","16","8","3","2016","Tue Aug 16 13:07:02 GMT+01:00 2016"
"3517","2016-08-17","17","8","3","2016","Wed Aug 17 20:43:00 GMT+01:00 2016"
"3518","2016-08-18","18","8","3","2016","Thu Aug 18 10:44:40 GMT+01:00 2016"
"3519","2016-08-19","19","8","3","2016","Fri Aug 19 15:34:21 GMT+01:00 2016"
"3520","2016-08-20","20","8","3","2016","Sat Aug 20 19:18:38 GMT+01:00 2016"
"3521","2016-08-21","21","8","3","2016","Sun Aug 21 07:14:49 GMT+01:00 2016"
"3522","2016-08-22","22","8","3","2016","Mon Aug 22 15:14:26 GMT+01:00 2016"
"3523","2016-08-23","23","8","3","2016","Tue Aug 23 19:42:58 GMT+01:00 2016"
"3524","2016-08-24","24","8","3","2016","Wed Aug 24 22:59:20 GMT+01:00 2016"
"3525","2016-08-25","25","8","3","2016","Thu Aug 25 11:35:01 GMT+01:00 2016"
"3526","2016-08-26","26","8","3","2016","Fri Aug 26 13:09:58 GMT+01:00 2016"
"3527","2016-08-27","27","8","3","2016","Sat Aug 27 14:39:17 GMT+01:00 2016"
"3528","2016-08-28","28","8","3","2016","Sun Aug 28 19:04:03 GMT+01:00 2016"
"3529","2016-08-29","29","8","3","2016","Mon Aug 29 06:02:39 GMT+01:00 2016"
"3530","2016-08-30","30","8","3","2016","Tue Aug 30 06:30:00 GMT+01:00 2016"
"3531","2016-08-31","31","8","3","2016","Wed Aug 31 09:30:44 GMT+01:00 2016"
"3532","2016-09-01","1","9","3","2016","Thu Sep 01 12:45:04 GMT+01:00 2016"
"3533","2016-09-02","2","9","3","2016","Fri Sep 02 22:59:44 GMT+01:00 2016"
"3534","2016-09-03","3","9","3","2016","Sat Sep 03 22:02:33 GMT+01:00 2016"
"3535","2016-09-04","4","9","3","2016","Sun Sep 04 23:39:31 GMT+01:00 2016"
"3536","2016-09-05","5","9","3","2016","Mon Sep 05 06:00:43 GMT+01:00 2016"
"3537","2016-09-06","6","9","3","2016","Tue Sep 06 19:44:32 GMT+01:00 2016"
"3538","2016-09-07","7","9","3","2016","Wed Sep 07 08:36:48 GMT+01:00 2016"
"3539","2016-09-08","8","9","3","2016","Thu Sep 08 05:29:24 GMT+01:00 2016"
"3540","2016-09-09","9","9","3","2016","Fri Sep 09 02:07:56 GMT+01:00 2016"
"3541","2016-09-10","10","9","3","2016","Sat Sep 10 20:26:08 GMT+01:00 2016"
"3542","2016-09-11","11","9","3","2016","Sun Sep 11 17:56:10 GMT+01:00 2016"
"3543","2016-09-12","12","9","3","2016","Mon Sep 12 00:53:18 GMT+01:00 2016"
"3544","2016-09-13","13","9","3","2016","Tue Sep 13 07:47:45 GMT+01:00 2016"
"3545","2016-09-14","14","9","3","2016","Wed Sep 14 19:27:28 GMT+01:00 2016"
"3546","2016-09-15","15","9","3","2016","Thu Sep 15 07:48:44 GMT+01:00 2016"
"3547","2016-09-16","16","9","3","2016","Fri Sep 16 02:42:47 GMT+01:00 2016"
"3548","2016-09-17","17","9","3","2016","Sat Sep 17 16:00:37 GMT+01:00 2016"
"3549","2016-09-18","18","9","3","2016","Sun Sep 18 15:59:33 GMT+01:00 2016"
"3550","2016-09-19","19","9","3","2016","Mon Sep 19 02:10:12 GMT+01:00 2016"
"3551","2016-09-20","20","9","3","2016","Tue Sep 20 10:59:12 GMT+01:00 2016"
"3552","2016-09-21","21","9","3","2016","Wed Sep 21 12:40:52 GMT+01:00 2016"
"3553","2016-09-22","22","9","3","2016","Thu Sep 22 16:07:06 GMT+01:00 2016"
"3554","2016-09-23","23","9","3","2016","Fri Sep 23 12:53:50 GMT+01:00 2016"
"3555","2016-09-24","24","9","3","2016","Sat Sep 24 20:07:26 GMT+01:00 2016"
"3556","2016-09-25","25","9","3","2016","Sun Sep 25 16:25:11 GMT+01:00 2016"
"3557","2016-09-26","26","9","3","2016","Mon Sep 26 16:26:48 GMT+01:00 2016"
"3558","2016-09-27","27","9","3","2016","Tue Sep 27 18:08:15 GMT+01:00 2016"
"3559","2016-09-28","28","9","3","2016","Wed Sep 28 15:14:17 GMT+01:00 2016"
"3560","2016-09-29","29","9","3","2016","Thu Sep 29 14:15:11 GMT+01:00 2016"
"3561","2016-09-30","30","9","3","2016","Fri Sep 30 05:50:12 GMT+01:00 2016"
"3562","2016-10-01","1","10","4","2016","Sat Oct 01 19:01:50 GMT+01:00 2016"
"3563","2016-10-02","2","10","4","2016","Sun Oct 02 12:12:30 GMT+01:00 2016"
"3564","2016-10-03","3","10","4","2016","Mon Oct 03 10:58:58 GMT+01:00 2016"
"3565","2016-10-04","4","10","4","2016","Tue Oct 04 10:11:38 GMT+01:00 2016"
"3566","2016-10-05","5","10","4","2016","Wed Oct 05 17:57:22 GMT+01:00 2016"
"3567","2016-10-06","6","10","4","2016","Thu Oct 06 10:49:17 GMT+01:00 2016"
"3568","2016-10-07","7","10","4","2016","Fri Oct 07 16:21:01 GMT+01:00 2016"
"3569","2016-10-08","8","10","4","2016","Sat Oct 08 23:44:30 GMT+01:00 2016"
"3570","2016-10-09","9","10","4","2016","Sun Oct 09 02:11:47 GMT+01:00 2016"
"3571","2016-10-10","10","10","4","2016","Mon Oct 10 17:13:03 GMT+01:00 2016"
"3572","2016-10-11","11","10","4","2016","Tue Oct 11 04:41:35 GMT+01:00 2016"
"3573","2016-10-12","12","10","4","2016","Wed Oct 12 18:09:30 GMT+01:00 2016"
"3574","2016-10-13","13","10","4","2016","Thu Oct 13 09:35:50 GMT+01:00 2016"
"3575","2016-10-14","14","10","4","2016","Fri Oct 14 00:12:15 GMT+01:00 2016"
"3576","2016-10-15","15","10","4","2016","Sat Oct 15 10:31:23 GMT+01:00 2016"
"3577","2016-10-16","16","10","4","2016","Sun Oct 16 10:31:11 GMT+01:00 2016"
"3578","2016-10-17","17","10","4","2016","Mon Oct 17 00:06:32 GMT+01:00 2016"
"3579","2016-10-18","18","10","4","2016","Tue Oct 18 20:29:22 GMT+01:00 2016"
"3580","2016-10-19","19","10","4","2016","Wed Oct 19 19:54:54 GMT+01:00 2016"
"3581","2016-10-20","20","10","4","2016","Thu Oct 20 17:37:18 GMT+01:00 2016"
"3582","2016-10-21","21","10","4","2016","Fri Oct 21 13:03:13 GMT+01:00 2016"
"3583","2016-10-22","22","10","4","2016","Sat Oct 22 18:34:52 GMT+01:00 2016"
"3584","2016-10-23","23","10","4","2016","Sun Oct 23 05:27:32 GMT+01:00 2016"
"3585","2016-10-24","24","10","4","2016","Mon Oct 24 19:09:02 GMT+01:00 2016"
"3586","2016-10-25","25","10","4","2016","Tue Oct 25 16:44:30 GMT+01:00 2016"
"3587","2016-10-26","26","10","4","2016","Wed Oct 26 09:55:17 GMT+01:00 2016"
"3588","2016-10-27","27","10","4","2016","Thu Oct 27 03:13:38 GMT+01:00 2016"
"3589","2016-10-28","28","10","4","2016","Fri Oct 28 04:00:18 GMT+01:00 2016"
"3590","2016-10-29","29","10","4","2016","Sat Oct 29 14:00:07 GMT+01:00 2016"
"3591","2016-10-30","30","10","4","2016","Sun Oct 30 03:44:41 GMT+01:00 2016"
"3592","2016-10-31","31","10","4","2016","Mon Oct 31 08:45:22 GMT+01:00 2016"
"3593","2016-11-01","1","11","4","2016","Tue Nov 01 02:39:46 GMT+01:00 2016"
"3594","2016-11-02","2","11","4","2016","Wed Nov 02 09:18:34 GMT+01:00 2016"
"3595","2016-11-03","3","11","4","2016","Thu Nov 03 23:20:43 GMT+01:00 2016"
"3596","2016-11-04","4","11","4","2016","Fri Nov 04 01:42:02 GMT+01:00 2016"
"3597","2016-11-05","5","11","4","2016","Sat Nov 05 15:09:07 GMT+01:00 2016"
"3598","2016-11-06","6","11","4","2016","Sun Nov 06 12:24:29 GMT+01:00 2016"
"3599","2016-11-07","7","11","4","2016","Mon Nov 07 00:26:54 GMT+01:00 2016"
"3600","2016-11-08","8","11","4","2016","Tue Nov 08 16:47:33 GMT+01:00 2016"
"3601","2016-11-09","9","11","4","2016","Wed Nov 09 16:15:51 GMT+01:00 2016"
"3602","2016-11-10","10","11","4","2016","Thu Nov 10 06:18:19 GMT+01:00 2016"
"3603","2016-11-11","11","11","4","2016","Fri Nov 11 12:54:28 GMT+01:00 2016"
"3604","2016-11-12","12","11","4","2016","Sat Nov 12 16:33:32 GMT+01:00 2016"
"3605","2016-11-13","13","11","4","2016","Sun Nov 13 16:40:21 GMT+01:00 2016"
"3606","2016-11-14","14","11","4","2016","Mon Nov 14 21:31:34 GMT+01:00 2016"
"3607","2016-11-15","15","11","4","2016","Tue Nov 15 23:20:19 GMT+01:00 2016"
"3608","2016-11-16","16","11","4","2016","Wed Nov 16 09:34:10 GMT+01:00 2016"
"3609","2016-11-17","17","11","4","2016","Thu Nov 17 15:41:08 GMT+01:00 2016"
"3610","2016-11-18","18","11","4","2016","Fri Nov 18 00:56:21 GMT+01:00 2016"
"3611","2016-11-19","19","11","4","2016","Sat Nov 19 23:23:04 GMT+01:00 2016"
"3612","2016-11-20","20","11","4","2016","Sun Nov 20 20:47:48 GMT+01:00 2016"
"3613","2016-11-21","21","11","4","2016","Mon Nov 21 23:30:06 GMT+01:00 2016"
"3614","2016-11-22","22","11","4","2016","Tue Nov 22 06:10:07 GMT+01:00 2016"
"3615","2016-11-23","23","11","4","2016","Wed Nov 23 10:15:36 GMT+01:00 2016"
"3616","2016-11-24","24","11","4","2016","Thu Nov 24 09:35:36 GMT+01:00 2016"
"3617","2016-11-25","25","11","4","2016","Fri Nov 25 19:53:46 GMT+01:00 2016"
"3618","2016-11-26","26","11","4","2016","Sat Nov 26 22:25:16 GMT+01:00 2016"
"3619","2016-11-27","27","11","4","2016","Sun Nov 27 14:56:32 GMT+01:00 2016"
"3620","2016-11-28","28","11","4","2016","Mon Nov 28 19:48:52 GMT+01:00 2016"
"3621","2016-11-29","29","11","4","2016","Tue Nov 29 16:42:17 GMT+01:00 2016"
"3622","2016-11-30","30","11","4","2016","Wed Nov 30 05:03:58 GMT+01:00 2016"
"3623","2016-12-01","1","12","4","2016","Thu Dec 01 15:53:20 GMT+01:00 2016"
"3624","2016-12-02","2","12","4","2016","Fri Dec 02 23:45:05 GMT+01:00 2016"
"3625","2016-12-03","3","12","4","2016","Sat Dec 03 21:12:53 GMT+01:00 2016"
"3626","2016-12-04","4","12","4","2016","Sun Dec 04 18:03:40 GMT+01:00 2016"
"3627","2016-12-05","5","12","4","2016","Mon Dec 05 07:22:31 GMT+01:00 2016"
"3628","2016-12-06","6","12","4","2016","Tue Dec 06 21:08:17 GMT+01:00 2016"
"3629","2016-12-07","7","12","4","2016","Wed Dec 07 18:02:57 GMT+01:00 2016"
"3630","2016-12-08","8","12","4","2016","Thu Dec 08 23:07:11 GMT+01:00 2016"
"3631","2016-12-09","9","12","4","2016","Fri Dec 09 08:20:46 GMT+01:00 2016"
"3632","2016-12-10","10","12","4","2016","Sat Dec 10 21:40:47 GMT+01:00 2016"
"3633","2016-12-11","11","12","4","2016","Sun Dec 11 00:18:41 GMT+01:00 2016"
"3634","2016-12-12","12","12","4","2016","Mon Dec 12 16:49:42 GMT+01:00 2016"
"3635","2016-12-13","13","12","4","2016","Tue Dec 13 02:02:15 GMT+01:00 2016"
"3636","2016-12-14","14","12","4","2016","Wed Dec 14 08:48:52 GMT+01:00 2016"
"3637","2016-12-15","15","12","4","2016","Thu Dec 15 14:14:30 GMT+01:00 2016"
"3638","2016-12-16","16","12","4","2016","Fri Dec 16 20:58:56 GMT+01:00 2016"
"3639","2016-12-17","17","12","4","2016","Sat Dec 17 16:49:35 GMT+01:00 2016"
"3640","2016-12-18","18","12","4","2016","Sun Dec 18 16:53:39 GMT+01:00 2016"
"3641","2016-12-19","19","12","4","2016","Mon Dec 19 06:24:15 GMT+01:00 2016"
"3642","2016-12-20","20","12","4","2016","Tue Dec 20 15:37:10 GMT+01:00 2016"
"3643","2016-12-21","21","12","4","2016","Wed Dec 21 23:57:44 GMT+01:00 2016"
"3644","2016-12-22","22","12","4","2016","Thu Dec 22 09:15:35 GMT+01:00 2016"
"3645","2016-12-23","23","12","4","2016","Fri Dec 23 00:30:18 GMT+01:00 2016"
"3646","2016-12-24","24","12","4","2016","Sat Dec 24 02:59:41 GMT+01:00 2016"
"3647","2016-12-25","25","12","4","2016","Sun Dec 25 19:15:12 GMT+01:00 2016"
"3648","2016-12-26","26","12","4","2016","Mon Dec 26 15:56:58 GMT+01:00 2016"
"3649","2016-12-27","27","12","4","2016","Tue Dec 27 08:33:36 GMT+01:00 2016"
"3650","2016-12-28","28","12","4","2016","Wed Dec 28 12:41:49 GMT+01:00 2016"
"3651","2016-12-29","29","12","4","2016","Thu Dec 29 00:06:43 GMT+01:00 2016"
"3652","2016-12-30","30","12","4","2016","Fri Dec 30 06:43:23 GMT+01:00 2016"
"3653","2016-12-31","31","12","4","2016","Sat Dec 31 22:33:53 GMT+01:00 2016"
"3654","2017-01-01","1","1","1","2017","Sun Jan 01 00:20:33 GMT+01:00 2017"
"3655","2017-01-02","2","1","1","2017","Mon Jan 02 19:25:35 GMT+01:00 2017"
"3656","2017-01-03","3","1","1","2017","Tue Jan 03 14:20:33 GMT+01:00 2017"
"3657","2017-01-04","4","1","1","2017","Wed Jan 04 07:16:27 GMT+01:00 2017"
"3658","2017-01-05","5","1","1","2017","Thu Jan 05 17:51:39 GMT+01:00 2017"
"3659","2017-01-06","6","1","1","2017","Fri Jan 06 11:53:41 GMT+01:00 2017"
"3660","2017-01-07","7","1","1","2017","Sat Jan 07 16:11:41 GMT+01:00 2017"
"3661","2017-01-08","8","1","1","2017","Sun Jan 08 06:19:06 GMT+01:00 2017"
"3662","2017-01-09","9","1","1","2017","Mon Jan 09 07:48:41 GMT+01:00 2017"
"3663","2017-01-10","10","1","1","2017","Tue Jan 10 03:21:03 GMT+01:00 2017"
"3664","2017-01-11","11","1","1","2017","Wed Jan 11 16:41:44 GMT+01:00 2017"
"3665","2017-01-12","12","1","1","2017","Thu Jan 12 18:01:19 GMT+01:00 2017"
"3666","2017-01-13","13","1","1","2017","Fri Jan 13 04:57:44 GMT+01:00 2017"
"3667","2017-01-14","14","1","1","2017","Sat Jan 14 19:20:41 GMT+01:00 2017"
"3668","2017-01-15","15","1","1","2017","Sun Jan 15 17:27:10 GMT+01:00 2017"
"3669","2017-01-16","16","1","1","2017","Mon Jan 16 22:24:20 GMT+01:00 2017"
"3670","2017-01-17","17","1","1","2017","Tue Jan 17 06:20:09 GMT+01:00 2017"
"3671","2017-01-18","18","1","1","2017","Wed Jan 18 19:48:57 GMT+01:00 2017"
"3672","2017-01-19","19","1","1","2017","Thu Jan 19 10:21:59 GMT+01:00 2017"
"3673","2017-01-20","20","1","1","2017","Fri Jan 20 22:54:45 GMT+01:00 2017"
"3674","2017-01-21","21","1","1","2017","Sat Jan 21 14:44:28 GMT+01:00 2017"
"3675","2017-01-22","22","1","1","2017","Sun Jan 22 09:39:47 GMT+01:00 2017"
"3676","2017-01-23","23","1","1","2017","Mon Jan 23 01:26:43 GMT+01:00 2017"
"3677","2017-01-24","24","1","1","2017","Tue Jan 24 19:09:39 GMT+01:00 2017"
"3678","2017-01-25","25","1","1","2017","Wed Jan 25 16:04:33 GMT+01:00 2017"
"3679","2017-01-26","26","1","1","2017","Thu Jan 26 03:18:42 GMT+01:00 2017"
"3680","2017-01-27","27","1","1","2017","Fri Jan 27 21:05:19 GMT+01:00 2017"
"3681","2017-01-28","28","1","1","2017","Sat Jan 28 19:35:08 GMT+01:00 2017"
"3682","2017-01-29","29","1","1","2017","Sun Jan 29 13:03:20 GMT+01:00 2017"
"3683","2017-01-30","30","1","1","2017","Mon Jan 30 15:02:26 GMT+01:00 2017"
"3684","2017-01-31","31","1","1","2017","Tue Jan 31 07:54:54 GMT+01:00 2017"
"3685","2017-02-01","1","2","1","2017","Wed Feb 01 09:25:08 GMT+01:00 2017"
"3686","2017-02-02","2","2","1","2017","Thu Feb 02 19:58:06 GMT+01:00 2017"
"3687","2017-02-03","3","2","1","2017","Fri Feb 03 06:33:18 GMT+01:00 2017"
"3688","2017-02-04","4","2","1","2017","Sat Feb 04 10:15:39 GMT+01:00 2017"
"3689","2017-02-05","5","2","1","2017","Sun Feb 05 22:08:26 GMT+01:00 2017"
"3690","2017-02-06","6","2","1","2017","Mon Feb 06 07:11:44 GMT+01:00 2017"
"3691","2017-02-07","7","2","1","2017","Tue Feb 07 09:26:40 GMT+01:00 2017"
"3692","2017-02-08","8","2","1","2017","Wed Feb 08 13:17:00 GMT+01:00 2017"
"3693","2017-02-09","9","2","1","2017","Thu Feb 09 23:01:50 GMT+01:00 2017"
"3694","2017-02-10","10","2","1","2017","Fri Feb 10 12:23:13 GMT+01:00 2017"
"3695","2017-02-11","11","2","1","2017","Sat Feb 11 04:46:37 GMT+01:00 2017"
"3696","2017-02-12","12","2","1","2017","Sun Feb 12 18:10:43 GMT+01:00 2017"
"3697","2017-02-13","13","2","1","2017","Mon Feb 13 15:59:17 GMT+01:00 2017"
"3698","2017-02-14","14","2","1","2017","Tue Feb 14 18:44:38 GMT+01:00 2017"
"3699","2017-02-15","15","2","1","2017","Wed Feb 15 02:55:53 GMT+01:00 2017"
"3700","2017-02-16","16","2","1","2017","Thu Feb 16 15:39:38 GMT+01:00 2017"
"3701","2017-02-17","17","2","1","2017","Fri Feb 17 13:14:48 GMT+01:00 2017"
"3702","2017-02-18","18","2","1","2017","Sat Feb 18 21:20:29 GMT+01:00 2017"
"3703","2017-02-19","19","2","1","2017","Sun Feb 19 02:26:05 GMT+01:00 2017"
"3704","2017-02-20","20","2","1","2017","Mon Feb 20 05:24:41 GMT+01:00 2017"
"3705","2017-02-21","21","2","1","2017","Tue Feb 21 16:03:10 GMT+01:00 2017"
"3706","2017-02-22","22","2","1","2017","Wed Feb 22 05:15:52 GMT+01:00 2017"
"3707","2017-02-23","23","2","1","2017","Thu Feb 23 14:09:16 GMT+01:00 2017"
"3708","2017-02-24","24","2","1","2017","Fri Feb 24 08:08:28 GMT+01:00 2017"
"3709","2017-02-25","25","2","1","2017","Sat Feb 25 12:48:16 GMT+01:00 2017"
"3710","2017-02-26","26","2","1","2017","Sun Feb 26 23:45:04 GMT+01:00 2017"
"3711","2017-02-27","27","2","1","2017","Mon Feb 27 03:15:58 GMT+01:00 2017"
"3712","2017-02-28","28","2","1","2017","Tue Feb 28 04:37:11 GMT+01:00 2017"
"3713","2017-03-01","1","3","1","2017","Wed Mar 01 21:13:38 GMT+01:00 2017"
"3714","2017-03-02","2","3","1","2017","Thu Mar 02 21:48:49 GMT+01:00 2017"
"3715","2017-03-03","3","3","1","2017","Fri Mar 03 18:16:17 GMT+01:00 2017"
"3716","2017-03-04","4","3","1","2017","Sat Mar 04 09:32:40 GMT+01:00 2017"
"3717","2017-03-05","5","3","1","2017","Sun Mar 05 05:29:28 GMT+01:00 2017"
"3718","2017-03-06","6","3","1","2017","Mon Mar 06 03:06:55 GMT+01:00 2017"
"3719","2017-03-07","7","3","1","2017","Tue Mar 07 18:50:40 GMT+01:00 2017"
"3720","2017-03-08","8","3","1","2017","Wed Mar 08 22:57:11 GMT+01:00 2017"
"3721","2017-03-09","9","3","1","2017","Thu Mar 09 12:24:29 GMT+01:00 2017"
"3722","2017-03-10","10","3","1","2017","Fri Mar 10 01:30:58 GMT+01:00 2017"
"3723","2017-03-11","11","3","1","2017","Sat Mar 11 00:29:12 GMT+01:00 2017"
"3724","2017-03-12","12","3","1","2017","Sun Mar 12 21:20:15 GMT+01:00 2017"
"3725","2017-03-13","13","3","1","2017","Mon Mar 13 12:22:18 GMT+01:00 2017"
"3726","2017-03-14","14","3","1","2017","Tue Mar 14 20:03:22 GMT+01:00 2017"
"3727","2017-03-15","15","3","1","2017","Wed Mar 15 17:13:33 GMT+01:00 2017"
"3728","2017-03-16","16","3","1","2017","Thu Mar 16 06:01:50 GMT+01:00 2017"
"3729","2017-03-17","17","3","1","2017","Fri Mar 17 17:52:15 GMT+01:00 2017"
"3730","2017-03-18","18","3","1","2017","Sat Mar 18 06:10:00 GMT+01:00 2017"
"3731","2017-03-19","19","3","1","2017","Sun Mar 19 05:59:48 GMT+01:00 2017"
"3732","2017-03-20","20","3","1","2017","Mon Mar 20 16:20:55 GMT+01:00 2017"
"3733","2017-03-21","21","3","1","2017","Tue Mar 21 14:03:29 GMT+01:00 2017"
"3734","2017-03-22","22","3","1","2017","Wed Mar 22 00:56:37 GMT+01:00 2017"
"3735","2017-03-23","23","3","1","2017","Thu Mar 23 03:26:26 GMT+01:00 2017"
"3736","2017-03-24","24","3","1","2017","Fri Mar 24 18:20:35 GMT+01:00 2017"
"3737","2017-03-25","25","3","1","2017","Sat Mar 25 23:56:02 GMT+01:00 2017"
"3738","2017-03-26","26","3","1","2017","Sun Mar 26 09:29:27 GMT+01:00 2017"
"3739","2017-03-27","27","3","1","2017","Mon Mar 27 18:56:38 GMT+01:00 2017"
"3740","2017-03-28","28","3","1","2017","Tue Mar 28 14:50:08 GMT+01:00 2017"
"3741","2017-03-29","29","3","1","2017","Wed Mar 29 09:00:30 GMT+01:00 2017"
"3742","2017-03-30","30","3","1","2017","Thu Mar 30 13:42:50 GMT+01:00 2017"
"3743","2017-03-31","31","3","1","2017","Fri Mar 31 21:21:29 GMT+01:00 2017"
"3744","2017-04-01","1","4","2","2017","Sat Apr 01 07:41:17 GMT+01:00 2017"
"3745","2017-04-02","2","4","2","2017","Sun Apr 02 00:27:08 GMT+01:00 2017"
"3746","2017-04-03","3","4","2","2017","Mon Apr 03 07:40:53 GMT+01:00 2017"
"3747","2017-04-04","4","4","2","2017","Tue Apr 04 09:13:32 GMT+01:00 2017"
"3748","2017-04-05","5","4","2","2017","Wed Apr 05 01:38:13 GMT+01:00 2017"
"3749","2017-04-06","6","4","2","2017","Thu Apr 06 00:00:00 GMT+01:00 2017"
